Country.Name,Year.cutoff,lambda,pi.mean,gamma_all,gamma_outputfall,gamma,g,delta
Albania,1990,0.06156854629516602,0.03962264150943407,-3.602053999900818,-9.443121433258057,0.09443121433258056,0.02608400458097458,0.010775000154972077
Albania,1991,0.05489142417907715,0.039451114922812974,-3.7458600997924805,-9.443121433258057,0.09443121433258056,0.014621822346340525,0.008774999976158143
Albania,1992,0.05464460849761963,0.0377358490566037,-3.491720199584961,-9.046422004699707,0.09046422004699707,-0.009929996182521187,0.010775000154972077
Albania,1993,0.05464460849761963,0.034833091436864985,-3.491720199584961,-9.046422004699707,0.09046422004699707,-0.014704611714069655,0.012775000333786011
Albania,1994,0.05464460849761963,0.0323450134770889,-3.491720199584961,-9.046422004699707,0.09046422004699707,-0.006797141219888415,0.015020833611488342
Albania,1995,0.05464460849761963,0.03270440251572311,-3.491720199584961,-9.443121433258057,0.09443121433258056,-7.733205954234043e-5,0.017266666889190672
Albania,1996,0.05184954643249512,0.033018867924528385,-4,-9.443121433258057,0.09443121433258056,0.005490000955760479,0.015020833611488342
Albania,1997,0.05184954643249512,0.031076581576026514,-4,-9.443121433258057,0.09443121433258056,0.010520001123933236,0.012775000333786011
Albania,1998,0.05439779281616211,0.03249475890985333,-3.7458600997924805,-8.681434631347656,0.08681434631347656,0.0038665560550159915,0.012087500095367432
Albania,1999,0.05489142417907715,0.03674280039721927,-4.2176673412323,-5.762015342712402,0.057620153427124024,0.00831007916676371,0.011399999856948853
Albania,2000,0.05489142417907715,0.03679245283018856,-4.609468698501587,-6.26451301574707,0.0626451301574707,0.014339931100606915,0.010162499845027923
Albania,2001,0.055196635723114014,0.037735849056603474,-4,-6.013264179229736,0.06013264179229736,0.016964833708036517,0.008924999833106994
Albania,2002,0.05550184726715088,0.03687821612349902,-4.2176673412323,-6.26451301574707,0.0626451301574707,0.01996338310566815,0.01011249989271164
Albania,2003,0.056810131072998045,0.03855619360131253,-3.7953062057495117,-6.26451301574707,0.0626451301574707,0.02106783086838929,0.011299999952316285
Albania,2004,0.056810131072998045,0.03694968553459151,-3.7953062057495117,-6.26451301574707,0.0626451301574707,0.022493600323796274,0.011349999904632568
Albania,2005,0.05730103969573975,0.036226415094339375,-3.5906124114990234,-6.26451301574707,0.0626451301574707,0.023799776721000664,0.011399999856948853
Albania,2006,0.05730103969573975,0.034833091436865374,-3.5906124114990234,-6.26451301574707,0.0626451301574707,0.025009966882375573,0.011349999904632568
Albania,2007,0.05730103969573975,0.03354297693920316,-3.5906124114990234,-6.26451301574707,0.0626451301574707,0.026269814063001554,0.011299999952316285
Albania,2008,0.057791948318481445,0.03301886792452809,-3.7953062057495117,-6.567152738571167,0.06567152738571166,0.02746847976531302,0.011033333539962768
Albania,2009,0.057791948318481445,0.03968770331815219,-3.7953062057495117,-5.681007385253906,0.05681007385253906,0.029107528616642123,0.011299999952316285
Albania,2010,0.062129030227661135,0.04528301886792441,-5.59999942779541,-6.26451301574707,0.0626451301574707,0.029255370517571776,0.011349999904632568
Albania,2011,0.06303461074829102,0.04564820450395621,-4.867010116577148,-6.068203926086426,0.06068203926086426,0.0295074220434312,0.011399999856948853
Albania,2012,0.06303461074829102,0.044221698113207426,-4.867010116577148,-6.068203926086426,0.06068203926086426,0.029380763676017524,0.012087500095367432
Albania,2013,0.06268951416015625,0.04402515723270425,-4.609468698501587,-6.068203926086426,0.06068203926086426,0.02891990233551373,0.012775000333786011
Albania,2014,0.06268951416015625,0.04273029966703658,-4.609468698501587,-6.068203926086426,0.06068203926086426,0.02836401906083612,0.015020833611488342
Albania,2015,0.06268951416015625,0.042587601078167114,-4.609468698501587,-6.068203926086426,0.06068203926086426,0.02806061480726515,0.017266666889190672
Albania,2016,0.06156854629516602,0.0424528301886791,-4.609468698501587,-5.972352504730225,0.059723525047302245,0.027900598860449263,0.017329166531562804
Algeria,1990,0.0686812686920166,0.10000000000000002,-3.602053999900818,-9.443121433258057,0.09443121433258056,0.03111111467083295,0.010775000154972077
Algeria,1991,0.0686812686920166,0.09090909090909088,-3.7458600997924805,-9.443121433258057,0.09443121433258056,0.028800003215670587,0.008774999976158143
Algeria,1992,0.0686812686920166,0.08333333333333331,-3.491720199584961,-9.046422004699707,0.09046422004699707,0.02509091197089716,0.010775000154972077
Algeria,1993,0.0686812686920166,0.07692307692307696,-3.491720199584961,-9.046422004699707,0.09046422004699707,0.024333335993190604,0.012775000333786011
Algeria,1994,0.0686812686920166,0.07142857142857145,-3.491720199584961,-9.046422004699707,0.09046422004699707,0.02084424150677828,0.015020833611488342
Algeria,1995,0.0686812686920166,0.06666666666666668,-3.491720199584961,-9.443121433258057,0.09443121433258056,0.018712509987609732,0.017266666889190672
Algeria,1996,0.0686812686920166,0.0625,-4,-9.443121433258057,0.09443121433258056,0.020030141144990923,0.015020833611488342
Algeria,1997,0.0686812686920166,0.05882352941176469,-4,-9.443121433258057,0.09443121433258056,0.021153257293626666,0.012775000333786011
Algeria,1998,0.0686812686920166,0.05555555555555554,-3.7458600997924805,-8.681434631347656,0.08681434631347656,0.020556006878614426,0.012087500095367432
Algeria,1999,0.0686812686920166,0.052631578947368446,-4.2176673412323,-5.762015342712402,0.057620153427124024,0.02224595853851901,0.011399999856948853
Algeria,2000,0.0686812686920166,0.04999999999999999,-4.609468698501587,-6.26451301574707,0.0626451301574707,0.022759329166851545,0.010162499845027923
Algeria,2001,0.0686812686920166,0.047619047619047596,-4,-6.013264179229736,0.06013264179229736,0.023521362684667108,0.008924999833106994
Algeria,2002,0.0686812686920166,0.04545454545454547,-4.2176673412323,-6.26451301574707,0.0626451301574707,0.02382986922349249,0.01011249989271164
Algeria,2003,0.0686812686920166,0.04347826086956524,-3.7953062057495117,-6.26451301574707,0.0626451301574707,0.025292147851803087,0.011299999952316285
Algeria,2004,0.0686812686920166,0.04166666666666668,-3.7953062057495117,-6.26451301574707,0.0626451301574707,0.02732292394923127,0.011349999904632568
Algeria,2005,0.0686812686920166,0.03999999999999999,-3.5906124114990234,-6.26451301574707,0.0626451301574707,0.02797613553081949,0.011399999856948853
Algeria,2006,0.0686812686920166,0.038461538461538484,-3.5906124114990234,-6.26451301574707,0.0626451301574707,0.02921709014773369,0.011349999904632568
Algeria,2007,0.0686812686920166,0.03703703703703706,-3.5906124114990234,-6.26451301574707,0.0626451301574707,0.02874123602532424,0.011299999952316285
Algeria,2008,0.0686812686920166,0.035714285714285726,-3.7953062057495117,-6.567152738571167,0.06567152738571166,0.028925958844246688,0.011033333539962768
Algeria,2009,0.0686812686920166,0.03448275862068967,-3.7953062057495117,-5.681007385253906,0.05681007385253906,0.028735794185527738,0.011299999952316285
Algeria,2010,0.0686812686920166,0.03333333333333334,-5.59999942779541,-6.26451301574707,0.0626451301574707,0.028307747445229823,0.011349999904632568
Algeria,2011,0.0686812686920166,0.03225806451612905,-4.867010116577148,-6.068203926086426,0.06068203926086426,0.02856952398518721,0.011399999856948853
Algeria,2012,0.0686812686920166,0.03125,-4.867010116577148,-6.068203926086426,0.06068203926086426,0.028558598271300716,0.012087500095367432
Algeria,2013,0.0686812686920166,0.030303030303030325,-4.609468698501587,-6.068203926086426,0.06068203926086426,0.028725808202289045,0.012775000333786011
Algeria,2014,0.0686812686920166,0.029411764705882346,-4.609468698501587,-6.068203926086426,0.06068203926086426,0.028703813999891283,0.015020833611488342
Algeria,2015,0.0686812686920166,0.028571428571428564,-4.609468698501587,-6.068203926086426,0.06068203926086426,0.02897723122116397,0.017266666889190672
Algeria,2016,0.0686812686920166,0.027777777777777766,-4.609468698501587,-5.972352504730225,0.059723525047302245,0.029206453199897498,0.017329166531562804
Angola,1990,0.06156854629516602,0.03962264150943407,-3.602053999900818,-9.443121433258057,0.09443121433258056,0.024859433427453045,0.010775000154972077
Angola,1991,0.05439779281616211,0.0909090909090909,-3.491720199584961,-3.491720199584961,0.034917201995849606,0.024859433427453045,0.008774999976158143
Angola,1992,0.05439779281616211,0.08333333333333333,-3.491720199584961,-3.491720199584961,0.034917201995849606,0.02350072065537626,0.010775000154972077
Angola,1993,0.05439779281616211,0.07692307692307694,-3.491720199584961,-3.491720199584961,0.034917201995849606,0.0166770933692654,0.012775000333786011
Angola,1994,0.05439779281616211,0.07142857142857144,-3.491720199584961,-3.491720199584961,0.034917201995849606,-0.0030545426675906606,0.015020833611488342
Angola,1995,0.05439779281616211,0.06666666666666667,-3.491720199584961,-3.491720199584961,0.034917201995849606,-0.0018796728657824674,0.017266666889190672
Angola,1996,0.05439779281616211,0.0625,-3.491720199584961,-3.491720199584961,0.034917201995849606,0.008245638658603035,0.015020833611488342
Angola,1997,0.05439779281616211,0.0588235294117647,-3.491720199584961,-3.491720199584961,0.034917201995849606,0.016195517303422093,0.012775000333786011
Angola,1998,0.05439779281616211,0.05555555555555554,-3.491720199584961,-3.491720199584961,0.034917201995849606,0.019521826409241733,0.012087500095367432
Angola,1999,0.05439779281616211,0.052631578947368425,-3.491720199584961,-3.491720199584961,0.034917201995849606,0.021043472927477627,0.011399999856948853
Angola,2000,0.05439779281616211,0.05,-3.491720199584961,-3.491720199584961,0.034917201995849606,0.02108407419763114,0.010162499845027923
Angola,2001,0.1900766086578369,0.09523809523809523,-1.3092927932739258,-3.491720199584961,0.034917201995849606,0.02108407419763114,0.008924999833106994
Angola,2002,0.1900766086578369,0.0909090909090909,-1.3092927932739258,-3.491720199584961,0.034917201995849606,0.02213286969810724,0.01011249989271164
Angola,2003,0.1900766086578369,0.08695652173913045,-1.3092927932739258,-3.491720199584961,0.034917201995849606,0.02758639333503586,0.011299999952316285
Angola,2004,0.1900766086578369,0.08333333333333333,-1.3092927932739258,-3.491720199584961,0.034917201995849606,0.028402485610409214,0.011349999904632568
Angola,2005,0.1900766086578369,0.08,-1.3092927932739258,-3.491720199584961,0.034917201995849606,0.03161905431877012,0.011399999856948853
Angola,2006,0.1900766086578369,0.07692307692307693,-1.3092927932739258,-3.491720199584961,0.034917201995849606,0.03901285467669368,0.011349999904632568
Angola,2007,0.1900766086578369,0.07407407407407407,-1.3092927932739258,-3.491720199584961,0.034917201995849606,0.04504795435070992,0.011299999952316285
Angola,2008,0.1900766086578369,0.07142857142857144,-1.3092927932739258,-3.491720199584961,0.034917201995849606,0.05223441690779648,0.011033333539962768
Angola,2009,0.1900766086578369,0.0689655172413793,-1.3092927932739258,-3.491720199584961,0.034917201995849606,0.05541725245338901,0.011299999952316285
Angola,2010,0.1900766086578369,0.06666666666666667,-1.3092927932739258,-3.491720199584961,0.034917201995849606,0.054299818346542954,0.011349999904632568
Angola,2011,0.14814295132954913,0.09677419354838708,-0.5262068907419841,-3.491720199584961,0.034917201995849606,0.054299818346542954,0.011399999856948853
Angola,2012,0.14814295132954913,0.09375,-0.5262068907419841,-3.491720199584961,0.034917201995849606,0.05376304205635498,0.012087500095367432
Angola,2013,0.14814295132954913,0.0909090909090909,-0.5262068907419841,-3.491720199584961,0.034917201995849606,0.05369680538276831,0.012775000333786011
Angola,2014,0.14814295132954913,0.08823529411764705,-0.5262068907419841,-3.491720199584961,0.034917201995849606,0.054171978336188094,0.015020833611488342
Angola,2015,0.14814295132954913,0.0857142857142857,-0.5262068907419841,-3.491720199584961,0.034917201995849606,0.05394909477327019,0.017266666889190672
Angola,2016,0.14814295132954913,0.08333333333333333,-0.5262068907419841,-3.491720199584961,0.034917201995849606,0.053223288117936154,0.017329166531562804
Argentina,1990,0.06156854629516602,0.03962264150943407,-3.602053999900818,-9.443121433258057,0.09443121433258056,-0.008699133098125457,0.010775000154972077
Argentina,1991,0.05489142417907715,0.039451114922812974,-3.7458600997924805,-9.443121433258057,0.09443121433258056,-0.009124295115470886,0.008774999976158143
Argentina,1992,0.05464460849761963,0.0377358490566037,-3.491720199584961,-9.046422004699707,0.09046422004699707,3.84498784939448e-4,0.010775000154972077
Argentina,1993,0.05464460849761963,0.034833091436864985,-3.491720199584961,-9.046422004699707,0.09046422004699707,0.008277464967507583,0.012775000333786011
Argentina,1994,0.05464460849761963,0.0323450134770889,-3.491720199584961,-9.046422004699707,0.09046422004699707,0.012151175183909282,0.015020833611488342
Argentina,1995,0.05464460849761963,0.03270440251572311,-3.491720199584961,-9.443121433258057,0.09443121433258056,0.015231923699378962,0.017266666889190672
Argentina,1996,0.027425622940063475,0.0625,-8.681434631347656,-8.681434631347656,0.08681434631347656,0.015231923699378962,0.015020833611488342
Argentina,1997,0.027425622940063475,0.0588235294117647,-8.681434631347656,-8.681434631347656,0.08681434631347656,0.01773407097905874,0.012775000333786011
Argentina,1998,0.027425622940063475,0.05555555555555554,-8.681434631347656,-8.681434631347656,0.08681434631347656,0.021462076937451086,0.012087500095367432
Argentina,1999,0.027425622940063475,0.05263157894736843,-8.681434631347656,-8.681434631347656,0.08681434631347656,0.022408730685710906,0.011399999856948853
Argentina,2000,0.027425622940063475,0.049999999999999996,-8.681434631347656,-8.681434631347656,0.08681434631347656,0.01944751146592592,0.010162499845027923
Argentina,2001,0.027336136102676392,0.09523809523809522,-3.042480945587158,-8.681434631347656,0.08681434631347656,0.01944751146592592,0.008924999833106994
Argentina,2002,0.027336136102676392,0.09090909090909091,-3.042480945587158,-8.681434631347656,0.08681434631347656,0.016270763725042343,0.01011249989271164
Argentina,2003,0.027336136102676392,0.08695652173913046,-3.042480945587158,-8.681434631347656,0.08681434631347656,0.010308045744895935,0.011299999952316285
Argentina,2004,0.027336136102676392,0.08333333333333333,-3.042480945587158,-8.681434631347656,0.08681434631347656,0.013856362727555355,0.011349999904632568
Argentina,2005,0.027336136102676392,0.08,-3.042480945587158,-8.681434631347656,0.08681434631347656,0.017179799986922224,0.011399999856948853
Argentina,2006,0.027336136102676392,0.07692307692307694,-3.042480945587158,-8.681434631347656,0.08681434631347656,0.020152166560292242,0.011349999904632568
Argentina,2007,0.027336136102676392,0.07407407407407407,-3.042480945587158,-8.681434631347656,0.08681434631347656,0.02256494052410125,0.011299999952316285
Argentina,2008,0.027336136102676392,0.07142857142857144,-3.042480945587158,-8.681434631347656,0.08681434631347656,0.025161539109853602,0.011033333539962768
Argentina,2009,0.03733496427536011,0.10344827586206898,-3.6784598032633467,-6.8159260749816895,0.06815926074981689,0.025161539109853602,0.011299999952316285
Argentina,2010,0.03733496427536011,0.1,-3.6784598032633467,-6.8159260749816895,0.06815926074981689,0.022037583876539157,0.011349999904632568
Argentina,2011,0.03733496427536011,0.0967741935483871,-3.6784598032633467,-6.8159260749816895,0.06815926074981689,0.02486674076744488,0.011399999856948853
Argentina,2012,0.03733496427536011,0.09375,-3.6784598032633467,-6.8159260749816895,0.06815926074981689,0.02607959506840542,0.012087500095367432
Argentina,2013,0.03733496427536011,0.0909090909090909,-3.6784598032633467,-6.8159260749816895,0.06815926074981689,0.02486813507477442,0.012775000333786011
Argentina,2014,0.03733496427536011,0.08823529411764706,-3.6784598032633467,-6.8159260749816895,0.06815926074981689,0.024841848054239824,0.015020833611488342
Argentina,2015,0.03733496427536011,0.08571428571428572,-3.6784598032633467,-6.8159260749816895,0.06815926074981689,0.023280348051339387,0.017266666889190672
Argentina,2016,0.03733496427536011,0.08333333333333333,-3.6784598032633467,-6.8159260749816895,0.06815926074981689,0.023402507178711174,0.017329166531562804
Armenia,1990,0.06156854629516602,0.03962264150943407,-3.602053999900818,-9.443121433258057,0.09443121433258056,0.03965355634689331,0.010775000154972077
Armenia,1991,0.05489142417907715,0.039451114922812974,-3.7458600997924805,-9.443121433258057,0.09443121433258056,0.03902801632881164,0.008774999976158143
Armenia,1992,0.05464460849761963,0.0377358490566037,-3.491720199584961,-9.046422004699707,0.09046422004699707,0.038766757249832154,0.010775000154972077
Armenia,1993,0.05464460849761963,0.034833091436864985,-3.491720199584961,-9.046422004699707,0.09046422004699707,0.038766757249832154,0.012775000333786011
Armenia,1994,0.05464460849761963,0.0323450134770889,-3.491720199584961,-9.046422004699707,0.09046422004699707,-0.14054058074951173,0.015020833611488342
Armenia,1995,0.05464460849761963,0.03270440251572311,-3.491720199584961,-9.443121433258057,0.09443121433258056,-0.0432702898979187,0.017266666889190672
Armenia,1996,0.05184954643249512,0.033018867924528385,-4,-9.443121433258057,0.09443121433258056,-0.0020706892013549806,0.015020833611488342
Armenia,1997,0.05184954643249512,0.031076581576026514,-4,-9.443121433258057,0.09443121433258056,0.011370182037353516,0.012775000333786011
Armenia,1998,0.05439779281616211,0.03249475890985333,-3.7458600997924805,-8.681434631347656,0.08681434631347656,0.015870810985565184,0.012087500095367432
Armenia,1999,0.05489142417907715,0.03674280039721927,-4.2176673412323,-5.762015342712402,0.057620153427124024,0.02367754499117533,0.011399999856948853
Armenia,2000,0.05489142417907715,0.03679245283018856,-4.609468698501587,-6.26451301574707,0.0626451301574707,0.02482386112213135,0.010162499845027923
Armenia,2001,0.055196635723114014,0.037735849056603474,-4,-6.013264179229736,0.06013264179229736,0.029036667346954346,0.008924999833106994
Armenia,2002,0.05550184726715088,0.03687821612349902,-4.2176673412323,-6.26451301574707,0.0626451301574707,0.03633041275872125,0.01011249989271164
Armenia,2003,0.056810131072998045,0.03855619360131253,-3.7953062057495117,-6.26451301574707,0.0626451301574707,0.04750440406799315,0.011299999952316285
Armenia,2004,0.056810131072998045,0.03694968553459151,-3.7953062057495117,-6.26451301574707,0.0626451301574707,0.05596050349148838,0.011349999904632568
Armenia,2005,0.05730103969573975,0.036226415094339375,-3.5906124114990234,-6.26451301574707,0.0626451301574707,0.06002435763676962,0.011399999856948853
Armenia,2006,0.05730103969573975,0.034833091436865374,-3.5906124114990234,-6.26451301574707,0.0626451301574707,0.06626353117135854,0.011349999904632568
Armenia,2007,0.05730103969573975,0.03354297693920316,-3.5906124114990234,-6.26451301574707,0.0626451301574707,0.070957567351205,0.011299999952316285
Armenia,2008,0.057791948318481445,0.03301886792452809,-3.7953062057495117,-6.567152738571167,0.06567152738571166,0.07539318211873373,0.011033333539962768
Armenia,2009,0.057791948318481445,0.03968770331815219,-3.7953062057495117,-5.681007385253906,0.05681007385253906,0.07502340435981751,0.011299999952316285
Armenia,2010,0.062129030227661135,0.04528301886792441,-5.59999942779541,-6.26451301574707,0.0626451301574707,0.06228679152096018,0.011349999904632568
Armenia,2011,0.06303461074829102,0.04564820450395621,-4.867010116577148,-6.068203926086426,0.06068203926086426,0.06004857884513006,0.011399999856948853
Armenia,2012,0.06303461074829102,0.044221698113207426,-4.867010116577148,-6.068203926086426,0.06068203926086426,0.059361639524761006,0.012087500095367432
Armenia,2013,0.06268951416015625,0.04402515723270425,-4.609468698501587,-6.068203926086426,0.06068203926086426,0.05996073555946351,0.012775000333786011
Armenia,2014,0.06268951416015625,0.04273029966703658,-4.609468698501587,-6.068203926086426,0.06068203926086426,0.05867689098630631,0.015020833611488342
Armenia,2015,0.06268951416015625,0.042587601078167114,-4.609468698501587,-6.068203926086426,0.06068203926086426,0.057648630250584,0.017266666889190672
Armenia,2016,0.06156854629516602,0.0424528301886791,-4.609468698501587,-5.972352504730225,0.059723525047302245,0.05655693717624831,0.017329166531562804
Azerbaijan,1990,0.06156854629516602,0.03962264150943407,-3.602053999900818,-9.443121433258057,0.09443121433258056,0.03965355634689331,0.010775000154972077
Azerbaijan,1991,0.05489142417907715,0.039451114922812974,-3.7458600997924805,-9.443121433258057,0.09443121433258056,0.03902801632881164,0.008774999976158143
Azerbaijan,1992,0.05464460849761963,0.0377358490566037,-3.491720199584961,-9.046422004699707,0.09046422004699707,0.038766757249832154,0.010775000154972077
Azerbaijan,1993,0.05464460849761963,0.034833091436864985,-3.491720199584961,-9.046422004699707,0.09046422004699707,0.038766757249832154,0.012775000333786011
Azerbaijan,1994,0.05464460849761963,0.0323450134770889,-3.491720199584961,-9.046422004699707,0.09046422004699707,-0.23097742080688477,0.015020833611488342
Azerbaijan,1995,0.05464460849761963,0.03270440251572311,-3.491720199584961,-9.443121433258057,0.09443121433258056,-0.21385607719421387,0.017266666889190672
Azerbaijan,1996,0.05184954643249512,0.033018867924528385,-4,-9.443121433258057,0.09443121433258056,-0.1859946632385254,0.015020833611488342
Azerbaijan,1997,0.05184954643249512,0.031076581576026514,-4,-9.443121433258057,0.09443121433258056,-0.13316888928413392,0.012775000333786011
Azerbaijan,1998,0.05439779281616211,0.03249475890985333,-3.7458600997924805,-8.681434631347656,0.08681434631347656,-0.08876719760894776,0.012087500095367432
Azerbaijan,1999,0.05489142417907715,0.03674280039721927,-4.2176673412323,-5.762015342712402,0.057620153427124024,-0.0639605943361918,0.011399999856948853
Azerbaijan,2000,0.05489142417907715,0.03679245283018856,-4.609468698501587,-6.26451301574707,0.0626451301574707,-0.03854357515062605,0.010162499845027923
Azerbaijan,2001,0.055196635723114014,0.037735849056603474,-4,-6.013264179229736,0.06013264179229736,-0.025941791534423827,0.008924999833106994
Azerbaijan,2002,0.05550184726715088,0.03687821612349902,-4.2176673412323,-6.26451301574707,0.0626451301574707,-0.015853206316630054,0.01011249989271164
Azerbaijan,2003,0.056810131072998045,0.03855619360131253,-3.7953062057495117,-6.26451301574707,0.0626451301574707,-0.004828969478607188,0.011299999952316285
Azerbaijan,2004,0.056810131072998045,0.03694968553459151,-3.7953062057495117,-6.26451301574707,0.0626451301574707,0.004890300143848769,0.011349999904632568
Azerbaijan,2005,0.05730103969573975,0.036226415094339375,-3.5906124114990234,-6.26451301574707,0.0626451301574707,0.012194276253382375,0.011399999856948853
Azerbaijan,2006,0.05730103969573975,0.034833091436865374,-3.5906124114990234,-6.26451301574707,0.0626451301574707,0.032765130629906276,0.011349999904632568
Azerbaijan,2007,0.05730103969573975,0.03354297693920316,-3.5906124114990234,-6.26451301574707,0.0626451301574707,0.05504348516464233,0.011299999952316285
Azerbaijan,2008,0.14289711952209472,0.035714285714285726,-9.002992630004883,-9.002992630004883,0.09002992630004883,0.05504348516464233,0.011033333539962768
Azerbaijan,2009,0.14289711952209472,0.03448275862068967,-9.002992630004883,-9.002992630004883,0.09002992630004883,0.058434877713521335,0.011299999952316285
Azerbaijan,2010,0.14289711952209472,0.03333333333333333,-9.002992630004883,-9.002992630004883,0.09002992630004883,0.060638637244701386,0.011349999904632568
Azerbaijan,2011,0.14289711952209472,0.03225806451612905,-9.002992630004883,-9.002992630004883,0.09002992630004883,0.05978963290943818,0.011399999856948853
Azerbaijan,2012,0.14289711952209472,0.03125,-9.002992630004883,-9.002992630004883,0.09002992630004883,0.05557170470555625,0.012087500095367432
Azerbaijan,2013,0.08146122932434081,0.06060606060606065,-2.644186019897461,-9.002992630004883,0.09002992630004883,0.05557170470555625,0.012775000333786011
Azerbaijan,2014,0.08146122932434081,0.0588235294117647,-2.644186019897461,-9.002992630004883,0.09002992630004883,0.05573379215441252,0.015020833611488342
Azerbaijan,2015,0.08146122932434081,0.05714285714285713,-2.644186019897461,-9.002992630004883,0.09002992630004883,0.05427543413639068,0.017266666889190672
Azerbaijan,2016,0.08146122932434081,0.05555555555555554,-2.644186019897461,-9.002992630004883,0.09002992630004883,0.051999586167789644,0.017329166531562804
"Bahamas, The",1990,0.06156854629516602,0.03962264150943407,-3.602053999900818,-9.443121433258057,0.09443121433258056,0.034654696226119996,0.010775000154972077
"Bahamas, The",1991,0.05489142417907715,0.039451114922812974,-3.7458600997924805,-9.443121433258057,0.09443121433258056,0.032460779385133226,0.008774999976158143
"Bahamas, The",1992,0.05464460849761963,0.0377358490566037,-3.491720199584961,-9.046422004699707,0.09046422004699707,0.026270894706249236,0.010775000154972077
"Bahamas, The",1993,0.05464460849761963,0.034833091436864985,-3.491720199584961,-9.046422004699707,0.09046422004699707,0.02130730069600619,0.012775000333786011
"Bahamas, The",1994,0.05464460849761963,0.0323450134770889,-3.491720199584961,-9.046422004699707,0.09046422004699707,0.02000521240489823,0.015020833611488342
"Bahamas, The",1995,0.05464460849761963,0.03270440251572311,-3.491720199584961,-9.443121433258057,0.09443121433258056,0.020770809074242908,0.017266666889190672
"Bahamas, The",1996,0.05184954643249512,0.033018867924528385,-4,-9.443121433258057,0.09443121433258056,0.022209352757781745,0.015020833611488342
"Bahamas, The",1997,0.05184954643249512,0.031076581576026514,-4,-9.443121433258057,0.09443121433258056,0.023387349826448106,0.012775000333786011
"Bahamas, The",1998,0.05439779281616211,0.03249475890985333,-3.7458600997924805,-8.681434631347656,0.08681434631347656,0.024835725807481338,0.012087500095367432
"Bahamas, The",1999,0.05489142417907715,0.03674280039721927,-4.2176673412323,-5.762015342712402,0.057620153427124024,0.026010929330399158,0.011399999856948853
"Bahamas, The",2000,0.05489142417907715,0.03679245283018856,-4.609468698501587,-6.26451301574707,0.0626451301574707,0.02828245727717877,0.010162499845027923
"Bahamas, The",2001,0.055196635723114014,0.037735849056603474,-4,-6.013264179229736,0.06013264179229736,0.02891152647279558,0.008924999833106994
"Bahamas, The",2002,0.05550184726715088,0.03687821612349902,-4.2176673412323,-6.26451301574707,0.0626451301574707,0.028790832906961442,0.01011249989271164
"Bahamas, The",2003,0.056810131072998045,0.03855619360131253,-3.7953062057495117,-6.26451301574707,0.0626451301574707,0.02871499511210815,0.011299999952316285
"Bahamas, The",2004,0.056810131072998045,0.03694968553459151,-3.7953062057495117,-6.26451301574707,0.0626451301574707,0.026991554734607535,0.011349999904632568
"Bahamas, The",2005,0.05730103969573975,0.036226415094339375,-3.5906124114990234,-6.26451301574707,0.0626451301574707,0.02626506224870682,0.011399999856948853
"Bahamas, The",2006,0.05730103969573975,0.034833091436865374,-3.5906124114990234,-6.26451301574707,0.0626451301574707,0.02656073828156178,0.011349999904632568
"Bahamas, The",2007,0.05730103969573975,0.03354297693920316,-3.5906124114990234,-6.26451301574707,0.0626451301574707,0.026509173898785203,0.011299999952316285
"Bahamas, The",2008,0.057791948318481445,0.03301886792452809,-3.7953062057495117,-6.567152738571167,0.06567152738571166,0.0260790147206613,0.011033333539962768
"Bahamas, The",2009,0.057791948318481445,0.03968770331815219,-3.7953062057495117,-5.681007385253906,0.05681007385253906,0.024378393282150402,0.011299999952316285
"Bahamas, The",2010,0.062129030227661135,0.04528301886792441,-5.59999942779541,-6.26451301574707,0.0626451301574707,0.022174002021551127,0.011349999904632568
"Bahamas, The",2011,0.06303461074829102,0.04564820450395621,-4.867010116577148,-6.068203926086426,0.06068203926086426,0.021955113574381794,0.011399999856948853
"Bahamas, The",2012,0.06303461074829102,0.044221698113207426,-4.867010116577148,-6.068203926086426,0.06068203926086426,0.021460548331961034,0.012087500095367432
"Bahamas, The",2013,0.06268951416015625,0.04402515723270425,-4.609468698501587,-6.068203926086426,0.06068203926086426,0.021745579305923343,0.012775000333786011
"Bahamas, The",2014,0.06268951416015625,0.04273029966703658,-4.609468698501587,-6.068203926086426,0.06068203926086426,0.020939326242488975,0.015020833611488342
"Bahamas, The",2015,0.06268951416015625,0.042587601078167114,-4.609468698501587,-6.068203926086426,0.06068203926086426,0.019985836940152303,0.017266666889190672
"Bahamas, The",2016,0.06156854629516602,0.0424528301886791,-4.609468698501587,-5.972352504730225,0.059723525047302245,0.018577568026052576,0.017329166531562804
Belarus,1990,0.06156854629516602,0.03962264150943407,-3.602053999900818,-9.443121433258057,0.09443121433258056,0.03463061273097992,0.010775000154972077
Belarus,1991,0.05489142417907715,0.039451114922812974,-3.7458600997924805,-9.443121433258057,0.09443121433258056,0.02827203379737006,0.008774999976158143
Belarus,1992,0.05464460849761963,0.0377358490566037,-3.491720199584961,-9.046422004699707,0.09046422004699707,0.02424483036994934,0.010775000154972077
Belarus,1993,0.05464460849761963,0.034833091436864985,-3.491720199584961,-9.046422004699707,0.09046422004699707,0.01331348180770874,0.012775000333786011
Belarus,1994,0.05464460849761963,0.0323450134770889,-3.491720199584961,-9.046422004699707,0.09046422004699707,0.005870691736539205,0.015020833611488342
Belarus,1995,0.05464460849761963,0.03270440251572311,-3.491720199584961,-9.443121433258057,0.09443121433258056,-0.003580899788783144,0.017266666889190672
Belarus,1996,0.05184954643249512,0.033018867924528385,-4,-9.443121433258057,0.09443121433258056,-0.01124252881322587,0.015020833611488342
Belarus,1997,0.05184954643249512,0.031076581576026514,-4,-9.443121433258057,0.09443121433258056,-0.008642619927724207,0.012775000333786011
Belarus,1998,0.05439779281616211,0.03249475890985333,-3.7458600997924805,-8.681434631347656,0.08681434631347656,-9.564922749996185e-4,0.012087500095367432
Belarus,1999,0.05489142417907715,0.03674280039721927,-4.2176673412323,-5.762015342712402,0.057620153427124024,0.004065587240106917,0.011399999856948853
Belarus,2000,0.05489142417907715,0.03679245283018856,-4.609468698501587,-6.26451301574707,0.0626451301574707,0.005702811479568482,0.010162499845027923
Belarus,2001,0.055196635723114014,0.037735849056603474,-4,-6.013264179229736,0.06013264179229736,0.00843445238314177,0.008924999833106994
Belarus,2002,0.05550184726715088,0.03687821612349902,-4.2176673412323,-6.26451301574707,0.0626451301574707,0.01037545120716095,0.01011249989271164
Belarus,2003,0.056810131072998045,0.03855619360131253,-3.7953062057495117,-6.26451301574707,0.0626451301574707,0.012283560094379246,0.011299999952316285
Belarus,2004,0.056810131072998045,0.03694968553459151,-3.7953062057495117,-6.26451301574707,0.0626451301574707,0.014926795634356416,0.011349999904632568
Belarus,2005,0.05730103969573975,0.036226415094339375,-3.5906124114990234,-6.26451301574707,0.0626451301574707,0.019255929304205853,0.011399999856948853
Belarus,2006,0.05730103969573975,0.034833091436865374,-3.5906124114990234,-6.26451301574707,0.0626451301574707,0.022387220561504363,0.011349999904632568
Belarus,2007,0.05730103969573975,0.03354297693920316,-3.5906124114990234,-6.26451301574707,0.0626451301574707,0.025490926456451415,0.011299999952316285
Belarus,2008,0.057791948318481445,0.03301886792452809,-3.7953062057495117,-6.567152738571167,0.06567152738571166,0.027836374227817248,0.011033333539962768
Belarus,2009,0.057791948318481445,0.03968770331815219,-3.7953062057495117,-5.681007385253906,0.05681007385253906,0.03060107699146978,0.011299999952316285
Belarus,2010,-0.01950383186340332,0.03333333333333334,-10.084826469421387,-10.084826469421387,0.10084826469421387,0.03060107699146978,0.011349999904632568
Belarus,2011,-0.01950383186340332,0.03225806451612905,-10.084826469421387,-10.084826469421387,0.10084826469421387,0.03227604465825218,0.011399999856948853
Belarus,2012,-0.01950383186340332,0.03125,-10.084826469421387,-10.084826469421387,0.10084826469421387,0.03307686205567986,0.012087500095367432
Belarus,2013,-0.01950383186340332,0.03030303030303032,-10.084826469421387,-10.084826469421387,0.10084826469421387,0.032543584187825526,0.012775000333786011
Belarus,2014,-0.01950383186340332,0.02941176470588235,-10.084826469421387,-10.084826469421387,0.10084826469421387,0.031815958657572356,0.015020833611488342
Belarus,2015,-0.01950383186340332,0.028571428571428567,-10.084826469421387,-10.084826469421387,0.10084826469421387,0.03133768642321229,0.017266666889190672
Belarus,2016,0.005072989463806152,0.05555555555555553,-7.782760858535767,-7.782760858535767,0.07782760858535767,0.03133768642321229,0.017329166531562804
Bosnia and Herzegovina,1990,0.06156854629516602,0.03962264150943407,-3.602053999900818,-9.443121433258057,0.09443121433258056,0.03965355634689331,0.010775000154972077
Bosnia and Herzegovina,1991,0.05489142417907715,0.039451114922812974,-3.7458600997924805,-9.443121433258057,0.09443121433258056,0.03902801632881164,0.008774999976158143
Bosnia and Herzegovina,1992,0.05464460849761963,0.0377358490566037,-3.491720199584961,-9.046422004699707,0.09046422004699707,0.038766757249832154,0.010775000154972077
Bosnia and Herzegovina,1993,0.05464460849761963,0.034833091436864985,-3.491720199584961,-9.046422004699707,0.09046422004699707,0.038766757249832154,0.012775000333786011
Bosnia and Herzegovina,1994,0.05464460849761963,0.0323450134770889,-3.491720199584961,-9.046422004699707,0.09046422004699707,0.03806485891342163,0.015020833611488342
Bosnia and Herzegovina,1995,0.05464460849761963,0.03270440251572311,-3.491720199584961,-9.443121433258057,0.09443121433258056,0.03895842671394348,0.017266666889190672
Bosnia and Herzegovina,1996,0.05184954643249512,0.033018867924528385,-4,-9.443121433258057,0.09443121433258056,0.20695899963378905,0.015020833611488342
Bosnia and Herzegovina,1997,0.05184954643249512,0.031076581576026514,-4,-9.443121433258057,0.09443121433258056,0.41437070846557617,0.012775000333786011
Bosnia and Herzegovina,1998,0.05439779281616211,0.03249475890985333,-3.7458600997924805,-8.681434631347656,0.08681434631347656,0.3524226379394531,0.012087500095367432
Bosnia and Herzegovina,1999,0.05489142417907715,0.03674280039721927,-4.2176673412323,-5.762015342712402,0.057620153427124024,0.2988511872291565,0.011399999856948853
Bosnia and Herzegovina,2000,0.05489142417907715,0.03679245283018856,-4.609468698501587,-6.26451301574707,0.0626451301574707,0.26058001518249513,0.010162499845027923
Bosnia and Herzegovina,2001,0.055196635723114014,0.037735849056603474,-4,-6.013264179229736,0.06013264179229736,0.22455281654993692,0.008924999833106994
Bosnia and Herzegovina,2002,0.05550184726715088,0.03687821612349902,-4.2176673412323,-6.26451301574707,0.0626451301574707,0.1958483842441014,0.01011249989271164
Bosnia and Herzegovina,2003,0.056810131072998045,0.03855619360131253,-3.7953062057495117,-6.26451301574707,0.0626451301574707,0.1776839616894722,0.011299999952316285
Bosnia and Herzegovina,2004,0.056810131072998045,0.03694968553459151,-3.7953062057495117,-6.26451301574707,0.0626451301574707,0.16222842825783623,0.011349999904632568
Bosnia and Herzegovina,2005,0.05730103969573975,0.036226415094339375,-3.5906124114990234,-6.26451301574707,0.0626451301574707,0.15226275324821473,0.011399999856948853
Bosnia and Herzegovina,2006,0.05730103969573975,0.034833091436865374,-3.5906124114990234,-6.26451301574707,0.0626451301574707,0.14227124105800282,0.011349999904632568
Bosnia and Herzegovina,2007,0.05730103969573975,0.03354297693920316,-3.5906124114990234,-6.26451301574707,0.0626451301574707,0.13515795449415843,0.011299999952316285
Bosnia and Herzegovina,2008,0.057791948318481445,0.03301886792452809,-3.7953062057495117,-6.567152738571167,0.06567152738571166,0.12936053367761466,0.011033333539962768
Bosnia and Herzegovina,2009,0.057791948318481445,0.03968770331815219,-3.7953062057495117,-5.681007385253906,0.05681007385253906,0.1241159539563315,0.011299999952316285
Bosnia and Herzegovina,2010,0.13042616844177246,0.03333333333333334,-6.409503936767578,-6.409503936767578,0.06409503936767579,0.1241159539563315,0.011349999904632568
Bosnia and Herzegovina,2011,0.13042616844177246,0.03225806451612905,-6.409503936767578,-6.409503936767578,0.06409503936767579,0.11635305658976237,0.011399999856948853
Bosnia and Herzegovina,2012,0.13042616844177246,0.03125,-6.409503936767578,-6.409503936767578,0.06409503936767579,0.10964864186942577,0.012087500095367432
Bosnia and Herzegovina,2013,0.13042616844177246,0.03030303030303032,-6.409503936767578,-6.409503936767578,0.06409503936767579,0.10278285727781408,0.012775000333786011
Bosnia and Herzegovina,2014,0.13042616844177246,0.02941176470588235,-6.409503936767578,-6.409503936767578,0.06409503936767579,0.09837872001859875,0.015020833611488342
Bosnia and Herzegovina,2015,0.13042616844177246,0.028571428571428567,-6.409503936767578,-6.409503936767578,0.06409503936767579,0.09380600458697268,0.017266666889190672
Bosnia and Herzegovina,2016,0.13042616844177246,0.02777777777777777,-6.409503936767578,-6.409503936767578,0.06409503936767579,0.09065262562036516,0.017329166531562804
Brazil,1990,0.04247332572937012,0.1,4.995524883270264,-9.443121433258057,0.09443121433258056,0.03245330141650306,0.010775000154972077
Brazil,1991,0.04247332572937012,0.0909090909090909,4.995524883270264,-9.443121433258057,0.09443121433258056,0.025039501845836646,0.008774999976158143
Brazil,1992,0.04247332572937012,0.08333333333333333,4.995524883270264,-9.046422004699707,0.09046422004699707,0.023700896447355096,0.010775000154972077
Brazil,1993,0.04247332572937012,0.07692307692307693,4.995524883270264,-9.046422004699707,0.09046422004699707,0.021262996892134352,0.012775000333786011
Brazil,1994,0.04247332572937012,0.07142857142857145,4.995524883270264,-9.046422004699707,0.09046422004699707,0.02340433404995845,0.015020833611488342
Brazil,1995,0.04247332572937012,0.06666666666666668,4.995524883270264,-9.443121433258057,0.09443121433258056,0.025902979969978333,0.017266666889190672
Brazil,1996,0.04247332572937012,0.0625,4.995524883270264,-9.443121433258057,0.09443121433258056,0.026997382720311488,0.015020833611488342
Brazil,1997,0.04247332572937012,0.05882352941176469,4.995524883270264,-9.443121433258057,0.09443121433258056,0.02669208936393261,0.012775000333786011
Brazil,1998,0.04247332572937012,0.05555555555555554,4.995524883270264,-8.681434631347656,0.08681434631347656,0.027120866985882026,0.012087500095367432
Brazil,1999,0.04247332572937012,0.05263157894736844,4.995524883270264,-5.762015342712402,0.057620153427124024,0.02580453584591548,0.011399999856948853
Brazil,2000,0.04247332572937012,0.04999999999999999,4.995524883270264,-6.26451301574707,0.0626451301574707,0.02469194719665929,0.010162499845027923
Brazil,2001,0.04247332572937012,0.0476190476190476,4.995524883270264,-6.013264179229736,0.06013264179229736,0.025650305569171906,0.008924999833106994
Brazil,2002,0.04247332572937012,0.04545454545454546,4.995524883270264,-6.26451301574707,0.0626451301574707,0.02508741889681135,0.01011249989271164
Brazil,2003,0.0383285129070282,0.08695652173913045,3.333310306072235,-6.26451301574707,0.0626451301574707,0.02508741889681135,0.011299999952316285
Brazil,2004,0.0383285129070282,0.08333333333333333,3.333310306072235,-6.26451301574707,0.0626451301574707,0.024465309327298942,0.011349999904632568
Brazil,2005,0.0383285129070282,0.08,3.333310306072235,-6.26451301574707,0.0626451301574707,0.02590789654980535,0.011399999856948853
Brazil,2006,0.0383285129070282,0.07692307692307693,3.333310306072235,-6.26451301574707,0.0626451301574707,0.02616037930051486,0.011349999904632568
Brazil,2007,0.0383285129070282,0.07407407407407407,3.333310306072235,-6.26451301574707,0.0626451301574707,0.026696868753433228,0.011299999952316285
Brazil,2008,0.0383285129070282,0.07142857142857144,3.333310306072235,-6.567152738571167,0.06567152738571166,0.028000911244979273,0.011033333539962768
Brazil,2009,0.0383285129070282,0.0689655172413793,3.333310306072235,-5.681007385253906,0.05681007385253906,0.028849092633635907,0.011299999952316285
Brazil,2010,0.0383285129070282,0.06666666666666668,3.333310306072235,-6.26451301574707,0.0626451301574707,0.02777384067220347,0.011349999904632568
Brazil,2011,0.0383285129070282,0.06451612903225808,3.333310306072235,-6.068203926086426,0.06068203926086426,0.02941661891238443,0.011399999856948853
Brazil,2012,0.0383285129070282,0.0625,3.333310306072235,-6.068203926086426,0.06068203926086426,0.02976460098226865,0.012087500095367432
Brazil,2013,0.0383285129070282,0.060606060606060615,3.333310306072235,-6.068203926086426,0.06068203926086426,0.029428227361171476,0.012775000333786011
Brazil,2014,0.0383285129070282,0.0588235294117647,3.333310306072235,-6.068203926086426,0.06068203926086426,0.029450088990852236,0.015020833611488342
Brazil,2015,0.0383285129070282,0.057142857142857134,3.333310306072235,-6.068203926086426,0.06068203926086426,0.028712304279659734,0.017266666889190672
Brazil,2016,0.0383285129070282,0.05555555555555554,3.333310306072235,-5.972352504730225,0.059723525047302245,0.026824142503387785,0.017329166531562804
Bulgaria,1990,0.06156854629516602,0.03962264150943407,-3.602053999900818,-9.443121433258057,0.09443121433258056,0.0364999840259552,0.010775000154972077
Bulgaria,1991,0.05489142417907715,0.039451114922812974,-3.7458600997924805,-9.443121433258057,0.09443121433258056,0.024909076040441337,0.008774999976158143
Bulgaria,1992,0.027435317039489746,0.08333333333333331,-1.6552228927612305,-1.6552228927612305,0.016552228927612305,0.024909076040441337,0.010775000154972077
Bulgaria,1993,0.027435317039489746,0.07692307692307694,-1.6552228927612305,-1.6552228927612305,0.016552228927612305,0.015811552405357362,0.012775000333786011
Bulgaria,1994,0.027435317039489746,0.07142857142857144,-1.6552228927612305,-1.6552228927612305,0.016552228927612305,0.005652702221503627,0.015020833611488342
Bulgaria,1995,0.027435317039489746,0.06666666666666667,-1.6552228927612305,-1.6552228927612305,0.016552228927612305,0.0026310784476143915,0.017266666889190672
Bulgaria,1996,0.027435317039489746,0.0625,-1.6552228927612305,-1.6552228927612305,0.016552228927612305,0.0013881882826487118,0.015020833611488342
Bulgaria,1997,0.027435317039489746,0.0588235294117647,-1.6552228927612305,-1.6552228927612305,0.016552228927612305,-0.0037253371626138686,0.012775000333786011
Bulgaria,1998,0.027435317039489746,0.05555555555555554,-1.6552228927612305,-1.6552228927612305,0.016552228927612305,-0.004474146646611838,0.012087500095367432
Bulgaria,1999,0.027435317039489746,0.05263157894736842,-1.6552228927612305,-1.6552228927612305,0.016552228927612305,-0.0015248241689470139,0.011399999856948853
Bulgaria,2000,0.027435317039489746,0.05,-1.6552228927612305,-1.6552228927612305,0.016552228927612305,-0.0017045014782955802,0.010162499845027923
Bulgaria,2001,0.027435317039489746,0.047619047619047616,-1.6552228927612305,-1.6552228927612305,0.016552228927612305,8.833841085433916e-4,0.008924999833106994
Bulgaria,2002,0.027435317039489746,0.04545454545454545,-1.6552228927612305,-1.6552228927612305,0.016552228927612305,0.0026366698174249527,0.01011249989271164
Bulgaria,2003,0.027435317039489746,0.04347826086956523,-1.6552228927612305,-1.6552228927612305,0.016552228927612305,0.005215744863856924,0.011299999952316285
Bulgaria,2004,0.027435317039489746,0.041666666666666664,-1.6552228927612305,-1.6552228927612305,0.016552228927612305,0.007230786966240921,0.011349999904632568
Bulgaria,2005,0.027435317039489746,0.04000000000000001,-1.6552228927612305,-1.6552228927612305,0.016552228927612305,0.009610947668552399,0.011399999856948853
Bulgaria,2006,0.027435317039489746,0.03846153846153847,-1.6552228927612305,-1.6552228927612305,0.016552228927612305,0.012075904941558835,0.011349999904632568
Bulgaria,2007,0.027435317039489746,0.03703703703703704,-1.6552228927612305,-1.6552228927612305,0.016552228927612305,0.014255410432815552,0.011299999952316285
Bulgaria,2008,0.027435317039489746,0.035714285714285726,-1.6552228927612305,-1.6552228927612305,0.016552228927612305,0.01644758551209061,0.011033333539962768
Bulgaria,2009,0.027435317039489746,0.03448275862068965,-1.6552228927612305,-1.6552228927612305,0.016552228927612305,0.018010819554328917,0.011299999952316285
Bulgaria,2010,0.18775152921676636,0.06666666666666668,-5.6315531730651855,-5.6315531730651855,0.056315531730651854,0.018010819554328917,0.011349999904632568
Bulgaria,2011,0.18775152921676636,0.06451612903225808,-5.6315531730651855,-5.6315531730651855,0.056315531730651854,0.017846311618541846,0.011399999856948853
Bulgaria,2012,0.18775152921676636,0.0625,-5.6315531730651855,-5.6315531730651855,0.056315531730651854,0.017889773885409042,0.012087500095367432
Bulgaria,2013,0.18775152921676636,0.06060606060606062,-5.6315531730651855,-5.6315531730651855,0.056315531730651854,0.017322666637238956,0.012775000333786011
Bulgaria,2014,0.18775152921676636,0.0588235294117647,-5.6315531730651855,-5.6315531730651855,0.056315531730651854,0.01705073687422555,0.015020833611488342
Bulgaria,2015,0.18775152921676636,0.057142857142857134,-5.6315531730651855,-5.6315531730651855,0.056315531730651854,0.016936729597209974,0.017266666889190672
Bulgaria,2016,0.18775152921676636,0.055555555555555546,-5.6315531730651855,-5.6315531730651855,0.056315531730651854,0.017502543848994023,0.017329166531562804
Chile,1990,0.15068151473999022,0.1,-19.80015754699707,-19.80015754699707,0.19800157546997071,0.05475406818919712,0.010775000154972077
Chile,1991,0.15068151473999022,0.0909090909090909,-19.80015754699707,-19.80015754699707,0.19800157546997071,0.052949990630149844,0.008774999976158143
Chile,1992,0.15068151473999022,0.08333333333333333,-19.80015754699707,-19.80015754699707,0.19800157546997071,0.055150316303426566,0.010775000154972077
Chile,1993,0.15068151473999022,0.07692307692307693,-19.80015754699707,-19.80015754699707,0.19800157546997071,0.059830841918786376,0.012775000333786011
Chile,1994,0.15068151473999022,0.07142857142857145,-19.80015754699707,-19.80015754699707,0.19800157546997071,0.06039896479019752,0.015020833611488342
Chile,1995,0.15068151473999022,0.06666666666666668,-19.80015754699707,-19.80015754699707,0.19800157546997071,0.05970016402857645,0.017266666889190672
Chile,1996,0.15068151473999022,0.0625,-19.80015754699707,-19.80015754699707,0.19800157546997071,0.06161639777819316,0.015020833611488342
Chile,1997,0.15068151473999022,0.05882352941176469,-19.80015754699707,-19.80015754699707,0.19800157546997071,0.06206128172576428,0.012775000333786011
Chile,1998,0.15068151473999022,0.05555555555555554,-19.80015754699707,-19.80015754699707,0.19800157546997071,0.06277250198756948,0.012087500095367432
Chile,1999,0.10668551445007324,0.10526315789473684,-11.419948101043701,-11.419948101043701,0.11419948101043702,0.06277250198756948,0.011399999856948853
Chile,2000,0.10668551445007324,0.1,-11.419948101043701,-11.419948101043701,0.11419948101043702,0.0590271272096369,0.010162499845027923
Chile,2001,0.10668551445007324,0.09523809523809523,-11.419948101043701,-11.419948101043701,0.11419948101043702,0.05872850447893143,0.008924999833106994
Chile,2002,0.10668551445007324,0.0909090909090909,-11.419948101043701,-11.419948101043701,0.11419948101043702,0.057441124603152274,0.01011249989271164
Chile,2003,0.10668551445007324,0.08695652173913045,-11.419948101043701,-11.419948101043701,0.11419948101043702,0.05617829599550792,0.011299999952316285
Chile,2004,0.10668551445007324,0.08333333333333333,-11.419948101043701,-11.419948101043701,0.11419948101043702,0.05548455567522483,0.011349999904632568
Chile,2005,0.10668551445007324,0.08,-11.419948101043701,-11.419948101043701,0.11419948101043702,0.056202155649662015,0.011399999856948853
Chile,2006,0.10668551445007324,0.07692307692307693,-11.419948101043701,-11.419948101043701,0.11419948101043702,0.05624681695053974,0.011349999904632568
Chile,2007,0.10668551445007324,0.07407407407407407,-11.419948101043701,-11.419948101043701,0.11419948101043702,0.05651905692815781,0.011299999952316285
Chile,2008,0.10668551445007324,0.07142857142857144,-11.419948101043701,-11.419948101043701,0.11419948101043702,0.05623121228355628,0.011033333539962768
Chile,2009,0.10668551445007324,0.0689655172413793,-11.419948101043701,-11.419948101043701,0.11419948101043702,0.05546933795566912,0.011299999952316285
Chile,2010,0.10668551445007324,0.06666666666666668,-11.419948101043701,-11.419948101043701,0.11419948101043702,0.052922437222940585,0.011349999904632568
Chile,2011,0.10668551445007324,0.06451612903225808,-11.419948101043701,-11.419948101043701,0.11419948101043702,0.053112400677697416,0.011399999856948853
Chile,2012,0.10668551445007324,0.0625,-11.419948101043701,-11.419948101043701,0.11419948101043702,0.0533911606768767,0.012087500095367432
Chile,2013,0.10668551445007324,0.06060606060606062,-11.419948101043701,-11.419948101043701,0.11419948101043702,0.053391364649418856,0.012775000333786011
Chile,2014,0.10668551445007324,0.05882352941176469,-11.419948101043701,-11.419948101043701,0.11419948101043702,0.052991588590666654,0.015020833611488342
Chile,2015,0.10668551445007324,0.05714285714285713,-11.419948101043701,-11.419948101043701,0.11419948101043702,0.051920800777998835,0.017266666889190672
Chile,2016,0.10668551445007324,0.05555555555555553,-11.419948101043701,-11.419948101043701,0.11419948101043702,0.051069854559267276,0.017329166531562804
China,1990,0.06156854629516602,0.03962264150943407,-3.602053999900818,-9.443121433258057,0.09443121433258056,0.09761011457443237,0.010775000154972077
China,1991,0.05489142417907715,0.039451114922812974,-3.7458600997924805,-9.443121433258057,0.09443121433258056,0.09228192242709073,0.008774999976158143
China,1992,0.05464460849761963,0.0377358490566037,-3.491720199584961,-9.046422004699707,0.09046422004699707,0.09225842873255412,0.010775000154972077
China,1993,0.05464460849761963,0.034833091436864985,-3.491720199584961,-9.046422004699707,0.09046422004699707,0.09616162666907677,0.012775000333786011
China,1994,0.05464460849761963,0.0323450134770889,-3.491720199584961,-9.046422004699707,0.09046422004699707,0.09922151020595006,0.015020833611488342
China,1995,0.05464460849761963,0.03270440251572311,-3.491720199584961,-9.443121433258057,0.09443121433258056,0.1013400764465332,0.017266666889190672
China,1996,0.05184954643249512,0.033018867924528385,-4,-9.443121433258057,0.09443121433258056,0.10188132166862487,0.015020833611488342
China,1997,0.05184954643249512,0.031076581576026514,-4,-9.443121433258057,0.09443121433258056,0.10171183193431181,0.012775000333786011
China,1998,0.05439779281616211,0.03249475890985333,-3.7458600997924805,-8.681434631347656,0.08681434631347656,0.10117228560977512,0.012087500095367432
China,1999,0.05489142417907715,0.03674280039721927,-4.2176673412323,-5.762015342712402,0.057620153427124024,0.09995269173070005,0.011399999856948853
China,2000,0.05489142417907715,0.03679245283018856,-4.609468698501587,-6.26451301574707,0.0626451301574707,0.09875505709648133,0.010162499845027923
China,2001,0.055196635723114014,0.037735849056603474,-4,-6.013264179229736,0.06013264179229736,0.09805243514832997,0.008924999833106994
China,2002,0.05550184726715088,0.03687821612349902,-4.2176673412323,-6.26451301574707,0.0626451301574707,0.09736823363737626,0.01011249989271164
China,2003,0.056810131072998045,0.03855619360131253,-3.7953062057495117,-6.26451301574707,0.0626451301574707,0.09709135407986848,0.011299999952316285
China,2004,0.056810131072998045,0.03694968553459151,-3.7953062057495117,-6.26451301574707,0.0626451301574707,0.09721254765987396,0.011349999904632568
China,2005,0.05730103969573975,0.036226415094339375,-3.5906124114990234,-6.26451301574707,0.0626451301574707,0.09736404552459717,0.011399999856948853
China,2006,0.05730103969573975,0.034833091436865374,-3.5906124114990234,-6.26451301574707,0.0626451301574707,0.0979654280955975,0.011349999904632568
China,2007,0.05730103969573975,0.03354297693920316,-3.5906124114990234,-6.26451301574707,0.0626451301574707,0.09904078253993281,0.011299999952316285
China,2008,0.057791948318481445,0.03301886792452809,-3.7953062057495117,-6.567152738571167,0.06567152738571166,0.10057504023824419,0.011033333539962768
China,2009,0.057791948318481445,0.03968770331815219,-3.7953062057495117,-5.681007385253906,0.05681007385253906,0.10041728069042337,0.011299999952316285
China,2010,0.062129030227661135,0.04528301886792441,-5.59999942779541,-6.26451301574707,0.0626451301574707,0.10013670460383098,0.011349999904632568
China,2011,0.06303461074829102,0.04564820450395621,-4.867010116577148,-6.068203926086426,0.06068203926086426,0.10032781216406055,0.011399999856948853
China,2012,0.06303461074829102,0.044221698113207426,-4.867010116577148,-6.068203926086426,0.06068203926086426,0.10016131803393363,0.012087500095367432
China,2013,0.06268951416015625,0.04402515723270425,-4.609468698501587,-6.068203926086426,0.06068203926086426,0.09952006600119852,0.012775000333786011
China,2014,0.06268951416015625,0.04273029966703658,-4.609468698501587,-6.068203926086426,0.06068203926086426,0.09888712293961469,0.015020833611488342
China,2015,0.06268951416015625,0.042587601078167114,-4.609468698501587,-6.068203926086426,0.06068203926086426,0.09814749091012137,0.017266666889190672
China,2016,0.06156854629516602,0.0424528301886791,-4.609468698501587,-5.972352504730225,0.059723525047302245,0.09733783841133117,0.017329166531562804
Colombia,1990,0.06156854629516602,0.03962264150943407,-3.602053999900818,-9.443121433258057,0.09443121433258056,0.03435773706436157,0.010775000154972077
Colombia,1991,0.05489142417907715,0.039451114922812974,-3.7458600997924805,-9.443121433258057,0.09443121433258056,0.035127032019875264,0.008774999976158143
Colombia,1992,0.05464460849761963,0.0377358490566037,-3.491720199584961,-9.046422004699707,0.09046422004699707,0.03417638063430786,0.010775000154972077
Colombia,1993,0.05464460849761963,0.034833091436864985,-3.491720199584961,-9.046422004699707,0.09046422004699707,0.034896086179293115,0.012775000333786011
Colombia,1994,0.05464460849761963,0.0323450134770889,-3.491720199584961,-9.046422004699707,0.09046422004699707,0.036482196535382955,0.015020833611488342
Colombia,1995,0.05464460849761963,0.03270440251572311,-3.491720199584961,-9.443121433258057,0.09443121433258056,0.03748161411285401,0.017266666889190672
Colombia,1996,0.05184954643249512,0.033018867924528385,-4,-9.443121433258057,0.09443121433258056,0.038390536606311795,0.015020833611488342
Colombia,1997,0.05184954643249512,0.031076581576026514,-4,-9.443121433258057,0.09443121433258056,0.03734159609850715,0.012775000333786011
Colombia,1998,0.05439779281616211,0.03249475890985333,-3.7458600997924805,-8.681434631347656,0.08681434631347656,0.03717278162638347,0.012087500095367432
Colombia,1999,0.03086684465408325,0.05263157894736844,-2.8605093955993652,-2.8605093955993652,0.028605093955993654,0.03717278162638347,0.011399999856948853
Colombia,2000,0.03086684465408325,0.04999999999999999,-2.8605093955993652,-2.8605093955993652,0.028605093955993654,0.03300367982763994,0.010162499845027923
Colombia,2001,0.03086684465408325,0.0476190476190476,-2.8605093955993652,-2.8605093955993652,0.028605093955993654,0.03281592655181884,0.008924999833106994
Colombia,2002,0.03086684465408325,0.04545454545454546,-2.8605093955993652,-2.8605093955993652,0.028605093955993654,0.03205226256733849,0.01011249989271164
Colombia,2003,0.03086684465408325,0.04347826086956523,-2.8605093955993652,-2.8605093955993652,0.028605093955993654,0.03173351444981315,0.011299999952316285
Colombia,2004,0.03086684465408325,0.04166666666666668,-2.8605093955993652,-2.8605093955993652,0.028605093955993654,0.03205739296000937,0.011349999904632568
Colombia,2005,0.03086684465408325,0.039999999999999994,-2.8605093955993652,-2.8605093955993652,0.028605093955993654,0.032943760802348454,0.011399999856948853
Colombia,2006,0.03086684465408325,0.03846153846153847,-2.8605093955993652,-2.8605093955993652,0.028605093955993654,0.033508632707595826,0.011349999904632568
Colombia,2007,0.03086684465408325,0.03703703703703704,-2.8605093955993652,-2.8605093955993652,0.028605093955993654,0.034827355467356165,0.011299999952316285
Colombia,2008,0.03086684465408325,0.03571428571428572,-2.8605093955993652,-2.8605093955993652,0.028605093955993654,0.03607391609085931,0.011033333539962768
Colombia,2009,0.03086684465408325,0.034482758620689655,-2.8605093955993652,-2.8605093955993652,0.028605093955993654,0.035948863412652694,0.011299999952316285
Colombia,2010,0.03086684465408325,0.03333333333333333,-2.8605093955993652,-2.8605093955993652,0.028605093955993654,0.03512486145414155,0.011349999904632568
Colombia,2011,0.03086684465408325,0.032258064516129045,-2.8605093955993652,-2.8605093955993652,0.028605093955993654,0.03540324894587199,0.011399999856948853
Colombia,2012,0.03086684465408325,0.03125,-2.8605093955993652,-2.8605093955993652,0.028605093955993654,0.036636119965584045,0.012087500095367432
Colombia,2013,0.03086684465408325,0.030303030303030318,-2.8605093955993652,-2.8605093955993652,0.028605093955993654,0.036710994616150856,0.012775000333786011
Colombia,2014,0.03086684465408325,0.02941176470588235,-2.8605093955993652,-2.8605093955993652,0.028605093955993654,0.036982437263835564,0.015020833611488342
Colombia,2015,0.03086684465408325,0.028571428571428567,-2.8605093955993652,-2.8605093955993652,0.028605093955993654,0.03728542054400724,0.017266666889190672
Colombia,2016,0.03086684465408325,0.02777777777777777,-2.8605093955993652,-2.8605093955993652,0.028605093955993654,0.03706466606685094,0.017329166531562804
Costa Rica,1990,0.08604334831237793,0.10000000000000002,-3.0114197731018066,-3.0114197731018066,0.030114197731018068,0.027194471557935074,0.010775000154972077
Costa Rica,1991,0.08604334831237793,0.09090909090909088,-3.0114197731018066,-3.0114197731018066,0.030114197731018068,0.02807502430677414,0.008774999976158143
Costa Rica,1992,0.08604334831237793,0.08333333333333331,-3.0114197731018066,-3.0114197731018066,0.030114197731018068,0.02758008366281336,0.010775000154972077
Costa Rica,1993,0.08604334831237793,0.07692307692307696,-3.0114197731018066,-3.0114197731018066,0.030114197731018068,0.03294554327925046,0.012775000333786011
Costa Rica,1994,0.08604334831237793,0.07142857142857145,-3.0114197731018066,-3.0114197731018066,0.030114197731018068,0.035863207807907686,0.015020833611488342
Costa Rica,1995,0.08604334831237793,0.06666666666666668,-3.0114197731018066,-3.0114197731018066,0.030114197731018068,0.03650673981223787,0.017266666889190672
Costa Rica,1996,0.08604334831237793,0.0625,-3.0114197731018066,-3.0114197731018066,0.030114197731018068,0.03682062224547069,0.015020833611488342
Costa Rica,1997,0.08604334831237793,0.05882352941176469,-3.0114197731018066,-3.0114197731018066,0.030114197731018068,0.03529296826571226,0.012775000333786011
Costa Rica,1998,0.08604334831237793,0.05555555555555554,-3.0114197731018066,-3.0114197731018066,0.030114197731018068,0.03649040905868306,0.012087500095367432
Costa Rica,1999,0.08604334831237793,0.052631578947368446,-3.0114197731018066,-3.0114197731018066,0.030114197731018068,0.038330775466230184,0.011399999856948853
Costa Rica,2000,0.08604334831237793,0.04999999999999999,-3.0114197731018066,-3.0114197731018066,0.030114197731018068,0.03838881539671044,0.010162499845027923
Costa Rica,2001,0.08604334831237793,0.047619047619047596,-3.0114197731018066,-3.0114197731018066,0.030114197731018068,0.038385958045721064,0.008924999833106994
Costa Rica,2002,0.08604334831237793,0.04545454545454547,-3.0114197731018066,-3.0114197731018066,0.030114197731018068,0.038220183593886244,0.01011249989271164
Costa Rica,2003,0.08604334831237793,0.04347826086956524,-3.0114197731018066,-3.0114197731018066,0.030114197731018068,0.03797915401783856,0.011299999952316285
Costa Rica,2004,0.08604334831237793,0.04166666666666668,-3.0114197731018066,-3.0114197731018066,0.030114197731018068,0.038178094029426575,0.011349999904632568
Costa Rica,2005,0.08604334831237793,0.03999999999999999,-3.0114197731018066,-3.0114197731018066,0.030114197731018068,0.038394245579838754,0.011399999856948853
Costa Rica,2006,0.08604334831237793,0.038461538461538484,-3.0114197731018066,-3.0114197731018066,0.030114197731018068,0.0384068252325058,0.011349999904632568
Costa Rica,2007,0.08604334831237793,0.03703703703703706,-3.0114197731018066,-3.0114197731018066,0.030114197731018068,0.03971338306482022,0.011299999952316285
Costa Rica,2008,0.08604334831237793,0.035714285714285726,-3.0114197731018066,-3.0114197731018066,0.030114197731018068,0.04126766379232761,0.011033333539962768
Costa Rica,2009,0.08604334831237793,0.03448275862068967,-3.0114197731018066,-3.0114197731018066,0.030114197731018068,0.04145438958491598,0.011299999952316285
Costa Rica,2010,0.0854344367980957,0.06666666666666668,-4.315783739089966,-4.315783739089966,0.04315783739089966,0.04145438958491598,0.011349999904632568
Costa Rica,2011,0.0854344367980957,0.06451612903225809,-4.315783739089966,-4.315783739089966,0.04315783739089966,0.041732467269075334,0.011399999856948853
Costa Rica,2012,0.0854344367980957,0.0625,-4.315783739089966,-4.315783739089966,0.04315783739089966,0.04177708560228348,0.012087500095367432
Costa Rica,2013,0.0854344367980957,0.06060606060606063,-4.315783739089966,-4.315783739089966,0.04315783739089966,0.04197683117082041,0.012775000333786011
Costa Rica,2014,0.0854344367980957,0.0588235294117647,-4.315783739089966,-4.315783739089966,0.04315783739089966,0.041374126356095074,0.015020833611488342
Costa Rica,2015,0.0854344367980957,0.057142857142857134,-4.315783739089966,-4.315783739089966,0.04315783739089966,0.041185619018294595,0.017266666889190672
Costa Rica,2016,0.0854344367980957,0.05555555555555554,-4.315783739089966,-4.315783739089966,0.04315783739089966,0.041042421617928676,0.017329166531562804
Croatia,1990,0.06156854629516602,0.03962264150943407,-3.602053999900818,-9.443121433258057,0.09443121433258056,0.03965355634689331,0.010775000154972077
Croatia,1991,0.05489142417907715,0.039451114922812974,-3.7458600997924805,-9.443121433258057,0.09443121433258056,0.03902801632881164,0.008774999976158143
Croatia,1992,0.05464460849761963,0.0377358490566037,-3.491720199584961,-9.046422004699707,0.09046422004699707,0.038766757249832154,0.010775000154972077
Croatia,1993,0.05464460849761963,0.034833091436864985,-3.491720199584961,-9.046422004699707,0.09046422004699707,0.038766757249832154,0.012775000333786011
Croatia,1994,0.05464460849761963,0.0323450134770889,-3.491720199584961,-9.046422004699707,0.09046422004699707,-0.07999992370605469,0.015020833611488342
Croatia,1995,0.05464460849761963,0.03270440251572311,-3.491720199584961,-9.443121433258057,0.09443121433258056,-0.01050001859664917,0.017266666889190672
Croatia,1996,0.05184954643249512,0.033018867924528385,-4,-9.443121433258057,0.09443121433258056,0.015113426844278972,0.015020833611488342
Croatia,1997,0.05184954643249512,0.031076581576026514,-4,-9.443121433258057,0.09443121433258056,0.02601930856704712,0.012775000333786011
Croatia,1998,0.05439779281616211,0.03249475890985333,-3.7458600997924805,-8.681434631347656,0.08681434631347656,0.03410641860961914,0.012087500095367432
Croatia,1999,0.05550184726715088,0.05263157894736844,-4.783602714538574,-4.783602714538574,0.04783602714538574,0.03410641860961914,0.011399999856948853
Croatia,2000,0.05550184726715088,0.04999999999999999,-4.783602714538574,-4.783602714538574,0.04783602714538574,0.026862838069597883,0.010162499845027923
Croatia,2001,0.05550184726715088,0.0476190476190476,-4.783602714538574,-4.783602714538574,0.04783602714538574,0.028391669648034232,0.008924999833106994
Croatia,2002,0.05550184726715088,0.04545454545454546,-4.783602714538574,-4.783602714538574,0.04783602714538574,0.02913577660918236,0.01011249989271164
Croatia,2003,0.05550184726715088,0.04347826086956523,-4.783602714538574,-4.783602714538574,0.04783602714538574,0.031727999448776245,0.011299999952316285
Croatia,2004,0.05550184726715088,0.04166666666666668,-4.783602714538574,-4.783602714538574,0.04783602714538574,0.034112779021263126,0.011349999904632568
Croatia,2005,0.05550184726715088,0.039999999999999994,-4.783602714538574,-4.783602714538574,0.04783602714538574,0.03472349199381741,0.011399999856948853
Croatia,2006,0.05550184726715088,0.03846153846153847,-4.783602714538574,-4.783602714538574,0.04783602714538574,0.03529968569676081,0.011349999904632568
Croatia,2007,0.05550184726715088,0.03703703703703704,-4.783602714538574,-4.783602714538574,0.04783602714538574,0.03626515159240136,0.011299999952316285
Croatia,2008,0.05550184726715088,0.03571428571428572,-4.783602714538574,-4.783602714538574,0.04783602714538574,0.037353595920971455,0.011033333539962768
Croatia,2009,0.05550184726715088,0.034482758620689655,-4.783602714538574,-4.783602714538574,0.04783602714538574,0.03623205129305522,0.011299999952316285
Croatia,2010,0.0500067400932312,0.06666666666666668,-7.110122203826904,-7.110122203826904,0.07110122203826905,0.03623205129305522,0.011349999904632568
Croatia,2011,0.0500067400932312,0.06451612903225809,-7.110122203826904,-7.110122203826904,0.07110122203826905,0.033079542070627216,0.011399999856948853
Croatia,2012,0.0500067400932312,0.0625,-7.110122203826904,-7.110122203826904,0.07110122203826905,0.030941984706065236,0.012087500095367432
Croatia,2013,0.0500067400932312,0.06060606060606063,-7.110122203826904,-7.110122203826904,0.07110122203826905,0.027976048307286366,0.012775000333786011
Croatia,2014,0.0500067400932312,0.0588235294117647,-7.110122203826904,-7.110122203826904,0.07110122203826905,0.026162557523501547,0.015020833611488342
Croatia,2015,0.0500067400932312,0.057142857142857134,-7.110122203826904,-7.110122203826904,0.07110122203826905,0.02480638201534748,0.017266666889190672
Croatia,2016,0.0500067400932312,0.05555555555555554,-7.110122203826904,-7.110122203826904,0.07110122203826905,0.02474267535266422,0.017329166531562804
Dominican Republic,1990,0.06156854629516602,0.03962264150943407,-3.602053999900818,-9.443121433258057,0.09443121433258056,0.03790146160125732,0.010775000154972077
Dominican Republic,1991,0.05489142417907715,0.039451114922812974,-3.7458600997924805,-9.443121433258057,0.09443121433258056,0.029497403231534092,0.008774999976158143
Dominican Republic,1992,0.05464460849761963,0.0377358490566037,-3.491720199584961,-9.046422004699707,0.09046422004699707,0.02782669708132744,0.010775000154972077
Dominican Republic,1993,0.05464460849761963,0.034833091436864985,-3.491720199584961,-9.046422004699707,0.09046422004699707,0.03431766881392553,0.012775000333786011
Dominican Republic,1994,0.05464460849761963,0.0323450134770889,-3.491720199584961,-9.046422004699707,0.09046422004699707,0.03712677312748773,0.015020833611488342
Dominican Republic,1995,0.05464460849761963,0.03270440251572311,-3.491720199584961,-9.443121433258057,0.09443121433258056,0.03638522438208262,0.017266666889190672
Dominican Republic,1996,0.05184954643249512,0.033018867924528385,-4,-9.443121433258057,0.09443121433258056,0.03766454193741083,0.015020833611488342
Dominican Republic,1997,0.05184954643249512,0.031076581576026514,-4,-9.443121433258057,0.09443121433258056,0.03896534839097192,0.012775000333786011
Dominican Republic,1998,0.05439779281616211,0.03249475890985333,-3.7458600997924805,-8.681434631347656,0.08681434631347656,0.04173686746093962,0.012087500095367432
Dominican Republic,1999,0.05489142417907715,0.03674280039721927,-4.2176673412323,-5.762015342712402,0.057620153427124024,0.04307412577302833,0.011399999856948853
Dominican Republic,2000,0.05489142417907715,0.03679245283018856,-4.609468698501587,-6.26451301574707,0.0626451301574707,0.04389044407010078,0.010162499845027923
Dominican Republic,2001,0.055196635723114014,0.037735849056603474,-4,-6.013264179229736,0.06013264179229736,0.04402030970369067,0.008924999833106994
Dominican Republic,2002,0.05550184726715088,0.03687821612349902,-4.2176673412323,-6.26451301574707,0.0626451301574707,0.04313734848390926,0.01011249989271164
Dominican Republic,2003,0.057791948318481445,0.04347826086956524,2.0355870723724365,-6.26451301574707,0.0626451301574707,0.04313734848390926,0.011299999952316285
Dominican Republic,2004,0.057791948318481445,0.04166666666666668,2.0355870723724365,-6.26451301574707,0.0626451301574707,0.04067672193050385,0.011349999904632568
Dominican Republic,2005,0.057791948318481445,0.03999999999999999,2.0355870723724365,-6.26451301574707,0.0626451301574707,0.0400527477512757,0.011399999856948853
Dominican Republic,2006,0.057791948318481445,0.03846153846153848,2.0355870723724365,-6.26451301574707,0.0626451301574707,0.04222193262577057,0.011349999904632568
Dominican Republic,2007,0.057791948318481445,0.03703703703703705,2.0355870723724365,-6.26451301574707,0.0626451301574707,0.04412661041204746,0.011299999952316285
Dominican Republic,2008,0.057791948318481445,0.03571428571428572,2.0355870723724365,-6.567152738571167,0.06567152738571166,0.0452389402963497,0.011033333539962768
Dominican Republic,2009,0.057791948318481445,0.03448275862068966,2.0355870723724365,-5.681007385253906,0.05681007385253906,0.04476951541645186,0.011299999952316285
Dominican Republic,2010,0.057791948318481445,0.03333333333333333,2.0355870723724365,-6.26451301574707,0.0626451301574707,0.04355199943328726,0.011349999904632568
Dominican Republic,2011,0.057791948318481445,0.032258064516129045,2.0355870723724365,-6.068203926086426,0.06068203926086426,0.04487262215216955,0.011399999856948853
Dominican Republic,2012,0.057791948318481445,0.03125,2.0355870723724365,-6.068203926086426,0.06068203926086426,0.04442573668495301,0.012087500095367432
Dominican Republic,2013,0.057791948318481445,0.030303030303030318,2.0355870723724365,-6.068203926086426,0.06068203926086426,0.043910529371351,0.012775000333786011
Dominican Republic,2014,0.057791948318481445,0.02941176470588235,2.0355870723724365,-6.068203926086426,0.06068203926086426,0.04401689635984825,0.015020833611488342
Dominican Republic,2015,0.057791948318481445,0.028571428571428567,2.0355870723724365,-6.068203926086426,0.06068203926086426,0.044960212619865644,0.017266666889190672
Dominican Republic,2016,0.057791948318481445,0.02777777777777777,2.0355870723724365,-5.972352504730225,0.059723525047302245,0.0456873311144965,0.017329166531562804
Ecuador,1990,0.12324312210083008,0.1,-4,-4,0.04,0.029435559941662682,0.010775000154972077
Ecuador,1991,0.12324312210083008,0.0909090909090909,-4,-4,0.04,0.029499949485063556,0.008774999976158143
Ecuador,1992,0.12324312210083008,0.08333333333333333,-4,-4,0.04,0.031466282091357496,0.010775000154972077
Ecuador,1993,0.12324312210083008,0.07692307692307693,-4,-4,0.04,0.03185603938996792,0.012775000333786011
Ecuador,1994,0.12324312210083008,0.07142857142857144,-4,-4,0.04,0.030944036359970385,0.015020833611488342
Ecuador,1995,0.12324312210083008,0.06666666666666668,-4,-4,0.04,0.03177535536033767,0.017266666889190672
Ecuador,1996,0.12324312210083008,0.0625,-4,-4,0.04,0.03115869746605555,0.015020833611488342
Ecuador,1997,0.12324312210083008,0.05882352941176469,-4,-4,0.04,0.030293621066957713,0.012775000333786011
Ecuador,1998,0.12324312210083008,0.05555555555555554,-4,-4,0.04,0.031057446090614095,0.012087500095367432
Ecuador,1999,0.12324312210083008,0.05263157894736844,-4,-4,0.04,0.031146770930952496,0.011399999856948853
Ecuador,2000,0.1065272045135498,0.1,-6.002957344055176,-6.002957344055176,0.06002957344055176,0.031146770930952496,0.010162499845027923
Ecuador,2001,0.1065272045135498,0.09523809523809523,-6.002957344055176,-6.002957344055176,0.06002957344055176,0.030082099578882516,0.008924999833106994
Ecuador,2002,0.1065272045135498,0.0909090909090909,-6.002957344055176,-6.002957344055176,0.06002957344055176,0.030585809484124184,0.01011249989271164
Ecuador,2003,0.1065272045135498,0.08695652173913045,-6.002957344055176,-6.002957344055176,0.06002957344055176,0.03108018831128166,0.011299999952316285
Ecuador,2004,0.1065272045135498,0.08333333333333333,-6.002957344055176,-6.002957344055176,0.06002957344055176,0.030905123962597415,0.011349999904632568
Ecuador,2005,0.1065272045135498,0.08,-6.002957344055176,-6.002957344055176,0.06002957344055176,0.03313143182059993,0.011399999856948853
Ecuador,2006,0.1065272045135498,0.07692307692307693,-6.002957344055176,-6.002957344055176,0.06002957344055176,0.03395566732933124,0.011349999904632568
Ecuador,2007,0.1065272045135498,0.07407407407407407,-6.002957344055176,-6.002957344055176,0.06002957344055176,0.034358851158618926,0.011299999952316285
Ecuador,2008,0.1065272045135498,0.07142857142857144,-6.002957344055176,-6.002957344055176,0.06002957344055176,0.03387968917305653,0.011033333539962768
Ecuador,2009,0.1065272045135498,0.0689655172413793,-6.002957344055176,-6.002957344055176,0.06002957344055176,0.03497937865831234,0.011299999952316285
Ecuador,2010,0.1065272045135498,0.06666666666666668,-6.002957344055176,-6.002957344055176,0.06002957344055176,0.03393243356474808,0.011349999904632568
Ecuador,2011,0.1065272045135498,0.06451612903225808,-6.002957344055176,-6.002957344055176,0.06002957344055176,0.03397796985404245,0.011399999856948853
Ecuador,2012,0.1065272045135498,0.0625,-6.002957344055176,-6.002957344055176,0.06002957344055176,0.03546808442473412,0.012087500095367432
Ecuador,2013,0.1065272045135498,0.06060606060606062,-6.002957344055176,-6.002957344055176,0.06002957344055176,0.03614394042761095,0.012775000333786011
Ecuador,2014,0.1065272045135498,0.0588235294117647,-6.002957344055176,-6.002957344055176,0.06002957344055176,0.03656022706069052,0.015020833611488342
Ecuador,2015,0.1065272045135498,0.05714285714285713,-6.002957344055176,-6.002957344055176,0.06002957344055176,0.036600483412092384,0.017266666889190672
Ecuador,2016,0.08888511975606284,0.08333333333333333,-5.231970230738322,-5.231970230738322,0.052319702307383226,0.036600483412092384,0.017329166531562804
Egypt,1990,0.06156854629516602,0.03962264150943407,-3.602053999900818,-9.443121433258057,0.09443121433258056,0.053244084596633906,0.010775000154972077
Egypt,1991,0.05489142417907715,0.039451114922812974,-3.7458600997924805,-9.443121433258057,0.09443121433258056,0.05053978659889915,0.008774999976158143
Egypt,1992,0.05464460849761963,0.0377358490566037,-3.491720199584961,-9.046422004699707,0.09046422004699707,0.048078137636184695,0.010775000154972077
Egypt,1993,0.05464460849761963,0.034833091436864985,-3.491720199584961,-9.046422004699707,0.09046422004699707,0.04461058859641735,0.012775000333786011
Egypt,1994,0.05464460849761963,0.0323450134770889,-3.491720199584961,-9.046422004699707,0.09046422004699707,0.04349554662193571,0.015020833611488342
Egypt,1995,0.05464460849761963,0.03270440251572311,-3.491720199584961,-9.443121433258057,0.09443121433258056,0.043387527028719584,0.017266666889190672
Egypt,1996,0.05184954643249512,0.033018867924528385,-4,-9.443121433258057,0.09443121433258056,0.043478264398872854,0.015020833611488342
Egypt,1997,0.05184954643249512,0.031076581576026514,-4,-9.443121433258057,0.09443121433258056,0.04379056387087878,0.012775000333786011
Egypt,1998,0.05439779281616211,0.03249475890985333,-3.7458600997924805,-8.681434631347656,0.08681434631347656,0.044646193881829575,0.012087500095367432
Egypt,1999,0.05489142417907715,0.03674280039721927,-4.2176673412323,-5.762015342712402,0.057620153427124024,0.04626627235036147,0.011399999856948853
Egypt,2000,0.05489142417907715,0.03679245283018856,-4.609468698501587,-6.26451301574707,0.0626451301574707,0.04700791183114052,0.010162499845027923
Egypt,2001,0.055196635723114014,0.037735849056603474,-4,-6.013264179229736,0.06013264179229736,0.04733291844526927,0.008924999833106994
Egypt,2002,0.05550184726715088,0.03687821612349902,-4.2176673412323,-6.26451301574707,0.0626451301574707,0.04678327974948016,0.01011249989271164
Egypt,2003,0.056810131072998045,0.03855619360131253,-3.7953062057495117,-6.26451301574707,0.0626451301574707,0.046134228006653163,0.011299999952316285
Egypt,2004,0.056810131072998045,0.03694968553459151,-3.7953062057495117,-6.26451301574707,0.0626451301574707,0.0455425746490558,0.011349999904632568
Egypt,2005,0.05730103969573975,0.036226415094339375,-3.5906124114990234,-6.26451301574707,0.0626451301574707,0.04535770027637482,0.011399999856948853
Egypt,2006,0.05730103969573975,0.034833091436865374,-3.5906124114990234,-6.26451301574707,0.0626451301574707,0.04533307508780406,0.011349999904632568
Egypt,2007,0.05730103969573975,0.03354297693920316,-3.5906124114990234,-6.26451301574707,0.0626451301574707,0.04618882720117216,0.011299999952316285
Egypt,2008,0.057791948318481445,0.03301886792452809,-3.7953062057495117,-6.567152738571167,0.06567152738571166,0.04707059308886528,0.011033333539962768
Egypt,2009,0.057791948318481445,0.03968770331815219,-3.7953062057495117,-5.681007385253906,0.05681007385253906,0.047915153112904785,0.011299999952316285
Egypt,2010,0.062129030227661135,0.04528301886792441,-5.59999942779541,-6.26451301574707,0.0626451301574707,0.047875847915808366,0.011349999904632568
Egypt,2011,0.06303461074829102,0.04564820450395621,-4.867010116577148,-6.068203926086426,0.06068203926086426,0.04799186408519745,0.011399999856948853
Egypt,2012,0.06303461074829102,0.044221698113207426,-4.867010116577148,-6.068203926086426,0.06068203926086426,0.047043547052890065,0.012087500095367432
Egypt,2013,0.06268951416015625,0.04402515723270425,-4.609468698501587,-6.068203926086426,0.06068203926086426,0.04629259104078466,0.012775000333786011
Egypt,2014,0.06268951416015625,0.04273029966703658,-4.609468698501587,-6.068203926086426,0.06068203926086426,0.04590220418046503,0.015020833611488342
Egypt,2015,0.06268951416015625,0.042587601078167114,-4.609468698501587,-6.068203926086426,0.06068203926086426,0.04542383032185691,0.017266666889190672
Egypt,2016,0.06156854629516602,0.0424528301886791,-4.609468698501587,-5.972352504730225,0.059723525047302245,0.045376507060395345,0.017329166531562804
El Salvador,1990,0.06156854629516602,0.03962264150943407,-3.602053999900818,-9.443121433258057,0.09443121433258056,-0.011624974444508558,0.010775000154972077
El Salvador,1991,0.05489142417907715,0.039451114922812974,-3.7458600997924805,-9.443121433258057,0.09443121433258056,-0.0061759837784550456,0.008774999976158143
El Salvador,1992,0.05464460849761963,0.0377358490566037,-3.491720199584961,-9.046422004699707,0.09046422004699707,-0.004416019382576149,0.010775000154972077
El Salvador,1993,0.05464460849761963,0.034833091436864985,-3.491720199584961,-9.046422004699707,0.09046422004699707,0.0013221716307676803,0.012775000333786011
El Salvador,1994,0.05464460849761963,0.0323450134770889,-3.491720199584961,-9.046422004699707,0.09046422004699707,0.0053843271200146045,0.015020833611488342
El Salvador,1995,0.05464460849761963,0.03270440251572311,-3.491720199584961,-9.443121433258057,0.09443121433258056,0.008151894678672151,0.017266666889190672
El Salvador,1996,0.05184954643249512,0.033018867924528385,-4,-9.443121433258057,0.09443121433258056,0.010601751012727619,0.015020833611488342
El Salvador,1997,0.05184954643249512,0.031076581576026514,-4,-9.443121433258057,0.09443121433258056,0.010459107046618184,0.012775000333786011
El Salvador,1998,0.05439779281616211,0.03249475890985333,-3.7458600997924805,-8.681434631347656,0.08681434631347656,0.01161967869434091,0.012087500095367432
El Salvador,1999,0.05489142417907715,0.03674280039721927,-4.2176673412323,-5.762015342712402,0.057620153427124024,0.01240505051455999,0.011399999856948853
El Salvador,2000,0.05489142417907715,0.03679245283018856,-4.609468698501587,-6.26451301574707,0.0626451301574707,0.012865056239068504,0.010162499845027923
El Salvador,2001,0.055196635723114014,0.037735849056603474,-4,-6.013264179229736,0.06013264179229736,0.012788652146146415,0.008924999833106994
El Salvador,2002,0.05550184726715088,0.03687821612349902,-4.2176673412323,-6.26451301574707,0.0626451301574707,0.012606131021272051,0.01011249989271164
El Salvador,2003,0.056810131072998045,0.03855619360131253,-3.7953062057495117,-6.26451301574707,0.0626451301574707,0.012745369795871814,0.011299999952316285
El Salvador,2004,0.056810131072998045,0.03694968553459151,-3.7953062057495117,-6.26451301574707,0.0626451301574707,0.012865242330978308,0.011349999904632568
El Salvador,2005,0.05730103969573975,0.036226415094339375,-3.5906124114990234,-6.26451301574707,0.0626451301574707,0.012706947201490397,0.011399999856948853
El Salvador,2006,0.05730103969573975,0.034833091436865374,-3.5906124114990234,-6.26451301574707,0.0626451301574707,0.013259552138356065,0.011349999904632568
El Salvador,2007,0.05730103969573975,0.03354297693920316,-3.5906124114990234,-6.26451301574707,0.0626451301574707,0.014376937432421584,0.011299999952316285
El Salvador,2008,0.057791948318481445,0.03301886792452809,-3.7953062057495117,-6.567152738571167,0.06567152738571166,0.014527967886200968,0.011033333539962768
El Salvador,2009,0.057791948318481445,0.03968770331815219,-3.7953062057495117,-5.681007385253906,0.05681007385253906,0.014760529475993121,0.011299999952316285
El Salvador,2010,0.062129030227661135,0.04528301886792441,-5.59999942779541,-6.26451301574707,0.0626451301574707,0.013574047063787785,0.011349999904632568
El Salvador,2011,0.06303461074829102,0.04564820450395621,-4.867010116577148,-6.068203926086426,0.06068203926086426,0.013815598079273779,0.011399999856948853
El Salvador,2012,0.06303461074829102,0.044221698113207426,-4.867010116577148,-6.068203926086426,0.06068203926086426,0.014575052834115922,0.012087500095367432
El Salvador,2013,0.06268951416015625,0.04402515723270425,-4.609468698501587,-6.068203926086426,0.06068203926086426,0.01498613434759053,0.012775000333786011
El Salvador,2014,0.06268951416015625,0.04273029966703658,-4.609468698501587,-6.068203926086426,0.06068203926086426,0.015243952322532143,0.015020833611488342
El Salvador,2015,0.06268951416015625,0.042587601078167114,-4.609468698501587,-6.068203926086426,0.06068203926086426,0.015373912721872331,0.017266666889190672
El Salvador,2016,0.06156854629516602,0.0424528301886791,-4.609468698501587,-5.972352504730225,0.059723525047302245,0.015607312102284698,0.017329166531562804
Georgia,1990,0.06156854629516602,0.03962264150943407,-3.602053999900818,-9.443121433258057,0.09443121433258056,0.03965355634689331,0.010775000154972077
Georgia,1991,0.05489142417907715,0.039451114922812974,-3.7458600997924805,-9.443121433258057,0.09443121433258056,0.03902801632881164,0.008774999976158143
Georgia,1992,0.05464460849761963,0.0377358490566037,-3.491720199584961,-9.046422004699707,0.09046422004699707,-0.21100000381469727,0.010775000154972077
Georgia,1993,0.05464460849761963,0.034833091436864985,-3.491720199584961,-9.046422004699707,0.09046422004699707,-0.3300000095367432,0.012775000333786011
Georgia,1994,0.05464460849761963,0.0323450134770889,-3.491720199584961,-9.046422004699707,0.09046422004699707,-0.31766667048136393,0.015020833611488342
Georgia,1995,0.05464460849761963,0.03270440251572311,-3.491720199584961,-9.443121433258057,0.09443121433258056,-0.26425000190734865,0.017266666889190672
Georgia,1996,0.05184954643249512,0.033018867924528385,-4,-9.443121433258057,0.09443121433258056,-0.2062000017166138,0.015020833611488342
Georgia,1997,0.05184954643249512,0.031076581576026514,-4,-9.443121433258057,0.09443121433258056,-0.1543333347638448,0.012775000333786011
Georgia,1998,0.05439779281616211,0.03249475890985333,-3.7458600997924805,-8.681434631347656,0.08681434631347656,-0.11719179630279541,0.012087500095367432
Georgia,1999,0.05489142417907715,0.03674280039721927,-4.2176673412323,-5.762015342712402,0.057620153427124024,-0.09894529700279237,0.011399999856948853
Georgia,2000,0.05489142417907715,0.03679245283018856,-4.609468698501587,-6.26451301574707,0.0626451301574707,-0.08466260804070366,0.010162499845027923
Georgia,2001,0.055196635723114014,0.037735849056603474,-4,-6.013264179229736,0.06013264179229736,-0.07374432992935179,0.008924999833106994
Georgia,2002,0.05550184726715088,0.03687821612349902,-4.2176673412323,-6.26451301574707,0.0626451301574707,-0.06275359673933549,0.01011249989271164
Georgia,2003,0.056810131072998045,0.03855619360131253,-3.7953062057495117,-6.26451301574707,0.0626451301574707,-0.05287312746047974,0.011299999952316285
Georgia,2004,0.056810131072998045,0.03694968553459151,-3.7953062057495117,-6.26451301574707,0.0626451301574707,-0.04021473591144265,0.011349999904632568
Georgia,2005,0.05730103969573975,0.036226415094339375,-3.5906124114990234,-6.26451301574707,0.0626451301574707,-0.033202269417899014,0.011399999856948853
Georgia,2006,0.05730103969573975,0.034833091436865374,-3.5906124114990234,-6.26451301574707,0.0626451301574707,-0.02459659131368003,0.011349999904632568
Georgia,2007,0.05730103969573975,0.03354297693920316,-3.5906124114990234,-6.26451301574707,0.0626451301574707,-0.01717134118080139,0.011299999952316285
Georgia,2008,0.057791948318481445,0.03301886792452809,-3.7953062057495117,-6.567152738571167,0.06567152738571166,-0.008761979832368724,0.011033333539962768
Georgia,2009,0.057791948318481445,0.03968770331815219,-3.7953062057495117,-5.681007385253906,0.05681007385253906,-0.006931812498304566,0.011299999952316285
Georgia,2010,0.18158870697021484,0.03333333333333334,-6.068203926086426,-6.068203926086426,0.06068203926086426,-0.006931812498304566,0.011349999904632568
Georgia,2011,0.18158870697021484,0.03225806451612905,-6.068203926086426,-6.068203926086426,0.06068203926086426,-0.0032778130079570505,0.011399999856948853
Georgia,2012,0.18158870697021484,0.03125,-6.068203926086426,-6.068203926086426,0.06068203926086426,4.968392848968506e-4,0.012087500095367432
Georgia,2013,0.18158870697021484,0.03030303030303032,-6.068203926086426,-6.068203926086426,0.06068203926086426,0.0034972193127586837,0.012775000333786011
Georgia,2014,0.18158870697021484,0.02941176470588235,-6.068203926086426,-6.068203926086426,0.06068203926086426,0.0048778203400698765,0.015020833611488342
Georgia,2015,0.18158870697021484,0.028571428571428567,-6.068203926086426,-6.068203926086426,0.06068203926086426,0.006675885345624847,0.017266666889190672
Georgia,2016,0.18158870697021484,0.02777777777777777,-6.068203926086426,-6.068203926086426,0.06068203926086426,0.007597856322924281,0.017329166531562804
Guatemala,1990,0.06156854629516602,0.10000000000000002,-3.602053999900818,-9.443121433258057,0.09443121433258056,0.006665714176164732,0.010775000154972077
Guatemala,1991,0.06156854629516602,0.09090909090909088,-3.7458600997924805,-9.443121433258057,0.09443121433258056,0.009100455157458782,0.008774999976158143
Guatemala,1992,0.06156854629516602,0.08333333333333331,-3.491720199584961,-9.046422004699707,0.09046422004699707,0.011000413779507983,0.010775000154972077
Guatemala,1993,0.06156854629516602,0.07692307692307696,-3.491720199584961,-9.046422004699707,0.09046422004699707,0.013917045885076125,0.012775000333786011
Guatemala,1994,0.06156854629516602,0.07142857142857145,-3.491720199584961,-9.046422004699707,0.09046422004699707,0.015461888582660604,0.015020833611488342
Guatemala,1995,0.06156854629516602,0.06666666666666668,-3.491720199584961,-9.443121433258057,0.09443121433258056,0.01685746796961342,0.017266666889190672
Guatemala,1996,0.06156854629516602,0.0625,-4,-9.443121433258057,0.09443121433258056,0.018666970168550807,0.015020833611488342
Guatemala,1997,0.06156854629516602,0.05882352941176469,-4,-9.443121433258057,0.09443121433258056,0.01925028450321406,0.012775000333786011
Guatemala,1998,0.06156854629516602,0.05555555555555554,-3.7458600997924805,-8.681434631347656,0.08681434631347656,0.020529679476338273,0.012087500095367432
Guatemala,1999,0.06156854629516602,0.052631578947368446,-4.2176673412323,-5.762015342712402,0.057620153427124024,0.02194469723022647,0.011399999856948853
Guatemala,2000,0.06156854629516602,0.04999999999999999,-4.609468698501587,-6.26451301574707,0.0626451301574707,0.022737081611627033,0.010162499845027923
Guatemala,2001,0.06156854629516602,0.047619047619047596,-4,-6.013264179229736,0.06013264179229736,0.02285022753104568,0.008924999833106994
Guatemala,2002,0.06156854629516602,0.04545454545454547,-4.2176673412323,-6.26451301574707,0.0626451301574707,0.022905011797944703,0.01011249989271164
Guatemala,2003,0.06156854629516602,0.04347826086956524,-3.7953062057495117,-6.26451301574707,0.0626451301574707,0.023621436625041747,0.011299999952316285
Guatemala,2004,0.06156854629516602,0.04166666666666668,-3.7953062057495117,-6.26451301574707,0.0626451301574707,0.023694724255929826,0.011349999904632568
Guatemala,2005,0.06156854629516602,0.03999999999999999,-3.5906124114990234,-6.26451301574707,0.0626451301574707,0.024020817624405028,0.011399999856948853
Guatemala,2006,0.06156854629516602,0.038461538461538484,-3.5906124114990234,-6.26451301574707,0.0626451301574707,0.024364025256037713,0.011349999904632568
Guatemala,2007,0.06156854629516602,0.03703703703703706,-3.5906124114990234,-6.26451301574707,0.0626451301574707,0.025496100046886853,0.011299999952316285
Guatemala,2008,0.06156854629516602,0.035714285714285726,-3.7953062057495117,-6.567152738571167,0.06567152738571166,0.02688664166739694,0.011033333539962768
Guatemala,2009,0.06156854629516602,0.03448275862068967,-3.7953062057495117,-5.681007385253906,0.05681007385253906,0.027098205129482925,0.011299999952316285
Guatemala,2010,0.06156854629516602,0.03333333333333334,-5.59999942779541,-6.26451301574707,0.0626451301574707,0.02634519455504828,0.011349999904632568
Guatemala,2011,0.06156854629516602,0.03225806451612905,-4.867010116577148,-6.068203926086426,0.06068203926086426,0.026423498012125485,0.011399999856948853
Guatemala,2012,0.06156854629516602,0.03125,-4.867010116577148,-6.068203926086426,0.06068203926086426,0.026913740882469762,0.012087500095367432
Guatemala,2013,0.06156854629516602,0.030303030303030325,-4.609468698501587,-6.068203926086426,0.06068203926086426,0.0270007743104361,0.012775000333786011
Guatemala,2014,0.06156854629516602,0.029411764705882346,-4.609468698501587,-6.068203926086426,0.06068203926086426,0.027303040693655155,0.015020833611488342
Guatemala,2015,0.06156854629516602,0.028571428571428564,-4.609468698501587,-6.068203926086426,0.06068203926086426,0.027727705886697068,0.017266666889190672
Guatemala,2016,0.06156854629516602,0.027777777777777766,-4.609468698501587,-5.972352504730225,0.059723525047302245,0.028118356038417135,0.017329166531562804
Hungary,1990,0.06156854629516602,0.03962264150943407,-3.602053999900818,-9.443121433258057,0.09443121433258056,0.015307839803397656,0.010775000154972077
Hungary,1991,0.05489142417907715,0.039451114922812974,-3.7458600997924805,-9.443121433258057,0.09443121433258056,0.0107374364069917,0.008774999976158143
Hungary,1992,0.05464460849761963,0.0377358490566037,-3.491720199584961,-9.046422004699707,0.09046422004699707,-6.738429889082908e-5,0.010775000154972077
Hungary,1993,0.05464460849761963,0.034833091436864985,-3.491720199584961,-9.046422004699707,0.09046422004699707,-0.002419262717549614,0.012775000333786011
Hungary,1994,0.05464460849761963,0.0323450134770889,-3.491720199584961,-9.046422004699707,0.09046422004699707,-0.002657964320055074,0.015020833611488342
Hungary,1995,0.05464460849761963,0.03270440251572311,-3.491720199584961,-9.443121433258057,0.09443121433258056,-5.159970174233107e-4,0.017266666889190672
Hungary,1996,0.05184954643249512,0.033018867924528385,-4,-9.443121433258057,0.09443121433258056,0.001104494701139629,0.015020833611488342
Hungary,1997,0.05184954643249512,0.031076581576026514,-4,-9.443121433258057,0.09443121433258056,0.0010478507667122505,0.012775000333786011
Hungary,1998,0.05439779281616211,0.03249475890985333,-3.7458600997924805,-8.681434631347656,0.08681434631347656,0.002845283207069671,0.012087500095367432
Hungary,1999,0.05489142417907715,0.03674280039721927,-4.2176673412323,-5.762015342712402,0.057620153427124024,0.0049249251172142575,0.011399999856948853
Hungary,2000,0.05489142417907715,0.03679245283018856,-4.609468698501587,-6.26451301574707,0.0626451301574707,0.006272127023432403,0.010162499845027923
Hungary,2001,0.055196635723114014,0.037735849056603474,-4,-6.013264179229736,0.06013264179229736,0.007977825678618893,0.008924999833106994
Hungary,2002,0.05550184726715088,0.03687821612349902,-4.2176673412323,-6.26451301574707,0.0626451301574707,0.009360883769748562,0.01011249989271164
Hungary,2003,0.056810131072998045,0.03855619360131253,-3.7953062057495117,-6.26451301574707,0.0626451301574707,0.010922673984795161,0.011299999952316285
Hungary,2004,0.056810131072998045,0.03694968553459151,-3.7953062057495117,-6.26451301574707,0.0626451301574707,0.012071154110211259,0.011349999904632568
Hungary,2005,0.05730103969573975,0.036226415094339375,-3.5906124114990234,-6.26451301574707,0.0626451301574707,0.013590275185182693,0.011399999856948853
Hungary,2006,0.05730103969573975,0.034833091436865374,-3.5906124114990234,-6.26451301574707,0.0626451301574707,0.014755347318445838,0.011349999904632568
Hungary,2007,0.05730103969573975,0.03354297693920316,-3.5906124114990234,-6.26451301574707,0.0626451301574707,0.015635213315555892,0.011299999952316285
Hungary,2008,0.057791948318481445,0.03301886792452809,-3.7953062057495117,-6.567152738571167,0.06567152738571166,0.015232084855503798,0.011033333539962768
Hungary,2009,-0.07346654891967773,0.03448275862068967,0.4207513928413391,-5.681007385253906,0.05681007385253906,0.015232084855503798,0.011299999952316285
Hungary,2010,-0.07346654891967773,0.03333333333333334,0.4207513928413391,-6.26451301574707,0.0626451301574707,0.012430987393098144,0.011349999904632568
Hungary,2011,-0.07346654891967773,0.03225806451612905,0.4207513928413391,-6.068203926086426,0.06068203926086426,0.012244080537619688,0.011399999856948853
Hungary,2012,-0.07346654891967773,0.03125,0.4207513928413391,-6.068203926086426,0.06068203926086426,0.012385212369563602,0.012087500095367432
Hungary,2013,-0.07346654891967773,0.03030303030303032,0.4207513928413391,-6.068203926086426,0.06068203926086426,0.011484493272437248,0.012775000333786011
Hungary,2014,-0.07346654891967773,0.02941176470588235,0.4207513928413391,-6.068203926086426,0.06068203926086426,0.01177169550012684,0.015020833611488342
Hungary,2015,-0.07346654891967773,0.028571428571428567,0.4207513928413391,-6.068203926086426,0.06068203926086426,0.012668920084012342,0.017266666889190672
Hungary,2016,-0.07346654891967773,0.02777777777777777,0.4207513928413391,-5.972352504730225,0.059723525047302245,0.013268992384895682,0.017329166531562804
India,1990,0.06156854629516602,0.03962264150943407,-3.602053999900818,-9.443121433258057,0.09443121433258056,0.05544382166862488,0.010775000154972077
India,1991,0.05489142417907715,0.039451114922812974,-3.7458600997924805,-9.443121433258057,0.09443121433258056,0.055434210300445555,0.008774999976158143
India,1992,0.05464460849761963,0.0377358490566037,-3.491720199584961,-9.046422004699707,0.09046422004699707,0.05169529398282369,0.010775000154972077
India,1993,0.05464460849761963,0.034833091436864985,-3.491720199584961,-9.046422004699707,0.09046422004699707,0.05193600911360521,0.012775000333786011
India,1994,0.05464460849761963,0.0323450134770889,-3.491720199584961,-9.046422004699707,0.09046422004699707,0.051619439465659,0.015020833611488342
India,1995,0.05464460849761963,0.03270440251572311,-3.491720199584961,-9.443121433258057,0.09443121433258056,0.052617397308349606,0.017266666889190672
India,1996,0.05184954643249512,0.033018867924528385,-4,-9.443121433258057,0.09443121433258056,0.054062963724136354,0.015020833611488342
India,1997,0.05184954643249512,0.031076581576026514,-4,-9.443121433258057,0.09443121433258056,0.055323797674740056,0.012775000333786011
India,1998,0.05439779281616211,0.03249475890985333,-3.7458600997924805,-8.681434631347656,0.08681434631347656,0.05450007730060154,0.012087500095367432
India,1999,0.05489142417907715,0.03674280039721927,-4.2176673412323,-5.762015342712402,0.057620153427124024,0.054886577756781324,0.011399999856948853
India,2000,0.05489142417907715,0.03679245283018856,-4.609468698501587,-6.26451301574707,0.0626451301574707,0.056373714208602904,0.010162499845027923
India,2001,0.055196635723114014,0.037735849056603474,-4,-6.013264179229736,0.06013264179229736,0.05558210270745414,0.008924999833106994
India,2002,0.05550184726715088,0.03687821612349902,-4.2176673412323,-6.26451301574707,0.0626451301574707,0.05530309839682146,0.01011249989271164
India,2003,0.056810131072998045,0.03855619360131253,-3.7953062057495117,-6.26451301574707,0.0626451301574707,0.05459749740103017,0.011299999952316285
India,2004,0.056810131072998045,0.03694968553459151,-3.7953062057495117,-6.26451301574707,0.0626451301574707,0.055632583896319074,0.011349999904632568
India,2005,0.05730103969573975,0.036226415094339375,-3.5906124114990234,-6.26451301574707,0.0626451301574707,0.05654687309265137,0.011399999856948853
India,2006,0.05730103969573975,0.034833091436865374,-3.5906124114990234,-6.26451301574707,0.0626451301574707,0.05794303820683406,0.011349999904632568
India,2007,0.05730103969573975,0.03354297693920316,-3.5906124114990234,-6.26451301574707,0.0626451301574707,0.05922815534803602,0.011299999952316285
India,2008,0.057791948318481445,0.03301886792452809,-3.7953062057495117,-6.567152738571167,0.06567152738571166,0.06061336210795811,0.011033333539962768
India,2009,0.057791948318481445,0.03968770331815219,-3.7953062057495117,-5.681007385253906,0.05681007385253906,0.059864934066246295,0.011299999952316285
India,2010,0.062129030227661135,0.04528301886792441,-5.59999942779541,-6.26451301574707,0.0626451301574707,0.06069605414072672,0.011349999904632568
India,2011,0.06303461074829102,0.04564820450395621,-4.867010116577148,-6.068203926086426,0.06068203926086426,0.062047786097372735,0.011399999856948853
India,2012,0.06303461074829102,0.044221698113207426,-4.867010116577148,-6.068203926086426,0.06068203926086426,0.0621832562983036,0.012087500095367432
India,2013,0.06268951416015625,0.04402515723270425,-4.609468698501587,-6.068203926086426,0.06068203926086426,0.06195237289775502,0.012775000333786011
India,2014,0.06268951416015625,0.04273029966703658,-4.609468698501587,-6.068203926086426,0.06068203926086426,0.06200850051992079,0.015020833611488342
India,2015,0.06268951416015625,0.042587601078167114,-4.609468698501587,-6.068203926086426,0.06068203926086426,0.062354025840759275,0.017266666889190672
India,2016,0.06156854629516602,0.0424528301886791,-4.609468698501587,-5.972352504730225,0.059723525047302245,0.06288711137241787,0.017329166531562804
Indonesia,1990,0.06156854629516602,0.03962264150943407,-3.602053999900818,-9.443121433258057,0.09443121433258056,0.0652279953956604,0.010775000154972077
Indonesia,1991,0.05489142417907715,0.039451114922812974,-3.7458600997924805,-9.443121433258057,0.09443121433258056,0.067481914433566,0.008774999976158143
Indonesia,1992,0.05464460849761963,0.0377358490566037,-3.491720199584961,-9.046422004699707,0.09046422004699707,0.0692987032731374,0.010775000154972077
Indonesia,1993,0.05464460849761963,0.034833091436864985,-3.491720199584961,-9.046422004699707,0.09046422004699707,0.06898549226614145,0.012775000333786011
Indonesia,1994,0.05464460849761963,0.0323450134770889,-3.491720199584961,-9.046422004699707,0.09046422004699707,0.06974069527217319,0.015020833611488342
Indonesia,1995,0.05464460849761963,0.03270440251572311,-3.491720199584961,-9.443121433258057,0.09443121433258056,0.0701179567972819,0.017266666889190672
Indonesia,1996,0.05184954643249512,0.033018867924528385,-4,-9.443121433258057,0.09443121433258056,0.07087317824363709,0.015020833611488342
Indonesia,1997,0.05184954643249512,0.031076581576026514,-4,-9.443121433258057,0.09443121433258056,0.07130298810846665,0.012775000333786011
Indonesia,1998,0.04660854339599609,0.05555555555555553,-3.1180996894836426,-3.1180996894836426,0.031180996894836426,0.07130298810846665,0.012087500095367432
Indonesia,1999,0.04660854339599609,0.05263157894736844,-3.1180996894836426,-3.1180996894836426,0.031180996894836426,0.06004907051722208,0.011399999856948853
Indonesia,2000,0.04660854339599609,0.04999999999999999,-3.1180996894836426,-3.1180996894836426,0.031180996894836426,0.05730499214247654,0.010162499845027923
Indonesia,2001,0.04660854339599609,0.0476190476190476,-3.1180996894836426,-3.1180996894836426,0.031180996894836426,0.05692906925082207,0.008924999833106994
Indonesia,2002,0.04660854339599609,0.04545454545454546,-3.1180996894836426,-3.1180996894836426,0.031180996894836426,0.055953146928832645,0.01011249989271164
Indonesia,2003,0.04660854339599609,0.04347826086956523,-3.1180996894836426,-3.1180996894836426,0.031180996894836426,0.05545503754507411,0.011299999952316285
Indonesia,2004,0.04660854339599609,0.04166666666666668,-3.1180996894836426,-3.1180996894836426,0.031180996894836426,0.055122370590334355,0.011349999904632568
Indonesia,2005,0.04660854339599609,0.039999999999999994,-3.1180996894836426,-3.1180996894836426,0.031180996894836426,0.054921801760792734,0.011399999856948853
Indonesia,2006,0.04660854339599609,0.03846153846153847,-3.1180996894836426,-3.1180996894836426,0.031180996894836426,0.05500195968151092,0.011349999904632568
Indonesia,2007,0.04660854339599609,0.03703703703703704,-3.1180996894836426,-3.1180996894836426,0.031180996894836426,0.055002250006565674,0.011299999952316285
Indonesia,2008,0.04660854339599609,0.03571428571428572,-3.1180996894836426,-3.1180996894836426,0.031180996894836426,0.055315137682137666,0.011033333539962768
Indonesia,2009,0.04660854339599609,0.03448275862068965,-3.1180996894836426,-3.1180996894836426,0.031180996894836426,0.05599737309983799,0.011299999952316285
Indonesia,2010,0.04660854339599609,0.03333333333333333,-3.1180996894836426,-3.1180996894836426,0.031180996894836426,0.05568772864752803,0.011349999904632568
Indonesia,2011,0.04660854339599609,0.032258064516129045,-3.1180996894836426,-3.1180996894836426,0.031180996894836426,0.05595734618107477,0.011399999856948853
Indonesia,2012,0.04660854339599609,0.03125,-3.1180996894836426,-3.1180996894836426,0.031180996894836426,0.056142523423317936,0.012087500095367432
Indonesia,2013,0.04660854339599609,0.030303030303030318,-3.1180996894836426,-3.1180996894836426,0.031180996894836426,0.056272460427135226,0.012775000333786011
Indonesia,2014,0.04660854339599609,0.02941176470588235,-3.1180996894836426,-3.1180996894836426,0.031180996894836426,0.05625125370242379,0.015020833611488342
Indonesia,2015,0.04660854339599609,0.028571428571428564,-3.1180996894836426,-3.1180996894836426,0.031180996894836426,0.05606935464284,0.017266666889190672
Indonesia,2016,0.04660854339599609,0.027777777777777766,-3.1180996894836426,-3.1180996894836426,0.031180996894836426,0.055860608015741615,0.017329166531562804
Jamaica,1990,0.06156854629516602,0.03962264150943407,-3.602053999900818,-9.443121433258057,0.09443121433258056,0.023068503379821775,0.010775000154972077
Jamaica,1991,0.05489142417907715,0.039451114922812974,-3.7458600997924805,-9.443121433258057,0.09443121433258056,0.025403348315845835,0.008774999976158143
Jamaica,1992,0.05464460849761963,0.0377358490566037,-3.491720199584961,-9.046422004699707,0.09046422004699707,0.02398150697350502,0.010775000154972077
Jamaica,1993,0.05464460849761963,0.034833091436864985,-3.491720199584961,-9.046422004699707,0.09046422004699707,0.02427346555086283,0.012775000333786011
Jamaica,1994,0.05464460849761963,0.0323450134770889,-3.491720199584961,-9.046422004699707,0.09046422004699707,0.02411863033260618,0.015020833611488342
Jamaica,1995,0.05464460849761963,0.03270440251572311,-3.491720199584961,-9.443121433258057,0.09443121433258056,0.02376064145565033,0.017266666889190672
Jamaica,1996,0.05184954643249512,0.033018867924528385,-4,-9.443121433258057,0.09443121433258056,0.023851434774696825,0.015020833611488342
Jamaica,1997,0.05184954643249512,0.031076581576026514,-4,-9.443121433258057,0.09443121433258056,0.022587025288273308,0.012775000333786011
Jamaica,1998,0.05439779281616211,0.03249475890985333,-3.7458600997924805,-8.681434631347656,0.08681434631347656,0.020420575456486807,0.012087500095367432
Jamaica,1999,0.05489142417907715,0.03674280039721927,-4.2176673412323,-5.762015342712402,0.057620153427124024,0.0187090108112285,0.011399999856948853
Jamaica,2000,0.05489142417907715,0.03679245283018856,-4.609468698501587,-6.26451301574707,0.0626451301574707,0.018264002576470376,0.010162499845027923
Jamaica,2001,0.055196635723114014,0.037735849056603474,-4,-6.013264179229736,0.06013264179229736,0.017763926514557427,0.008924999833106994
Jamaica,2002,0.05550184726715088,0.03687821612349902,-4.2176673412323,-6.26451301574707,0.0626451301574707,0.017538671859286047,0.01011249989271164
Jamaica,2003,0.056810131072998045,0.03855619360131253,-3.7953062057495117,-6.26451301574707,0.0626451301574707,0.017069549236608587,0.011299999952316285
Jamaica,2004,0.056810131072998045,0.03694968553459151,-3.7953062057495117,-6.26451301574707,0.0626451301574707,0.01788595039397478,0.011349999904632568
Jamaica,2005,0.05730103969573975,0.036226415094339375,-3.5906124114990234,-6.26451301574707,0.0626451301574707,0.01770000241994858,0.011399999856948853
Jamaica,2006,0.05730103969573975,0.034833091436865374,-3.5906124114990234,-6.26451301574707,0.0626451301574707,0.01736300153227953,0.011349999904632568
Jamaica,2007,0.05730103969573975,0.03354297693920316,-3.5906124114990234,-6.26451301574707,0.0626451301574707,0.01779367752649166,0.011299999952316285
Jamaica,2008,0.057791948318481445,0.03301886792452809,-3.7953062057495117,-6.567152738571167,0.06567152738571166,0.01767397575080395,0.011033333539962768
Jamaica,2009,0.057791948318481445,0.03968770331815219,-3.7953062057495117,-5.681007385253906,0.05681007385253906,0.016782062844983466,0.011299999952316285
Jamaica,2010,0.062129030227661135,0.04528301886792441,-5.59999942779541,-6.26451301574707,0.0626451301574707,0.015089524318774545,0.011349999904632568
Jamaica,2011,0.06303461074829102,0.04564820450395621,-4.867010116577148,-6.068203926086426,0.06068203926086426,0.014136441494187997,0.011399999856948853
Jamaica,2012,0.06303461074829102,0.044221698113207426,-4.867010116577148,-6.068203926086426,0.06068203926086426,0.014140559257939458,0.012087500095367432
Jamaica,2013,0.06268951416015625,0.04402515723270425,-4.609468698501587,-6.068203926086426,0.06068203926086426,0.013556670808430872,0.012775000333786011
Jamaica,2014,0.06268951416015625,0.04273029966703658,-4.609468698501587,-6.068203926086426,0.06068203926086426,0.013217436912305213,0.015020833611488342
Jamaica,2015,0.06268951416015625,0.042587601078167114,-4.609468698501587,-6.068203926086426,0.06068203926086426,0.013001592155013762,0.017266666889190672
Jamaica,2016,0.06156854629516602,0.0424528301886791,-4.609468698501587,-5.972352504730225,0.059723525047302245,0.012872712376217049,0.017329166531562804
Jordan,1990,0.04588399410247803,0.2,-11.176219463348389,-11.176219463348389,0.11176219463348389,0.04626919284462929,0.010775000154972077
Jordan,1991,0.04588399410247803,0.1818181818181818,-11.176219463348389,-11.176219463348389,0.11176219463348389,0.040817062887880534,0.008774999976158143
Jordan,1992,0.04588399410247803,0.16666666666666669,-11.176219463348389,-11.176219463348389,0.11176219463348389,0.038355713397264485,0.010775000154972077
Jordan,1993,0.04588399410247803,0.15384615384615385,-11.176219463348389,-11.176219463348389,0.11176219463348389,0.04791490254077045,0.012775000333786011
Jordan,1994,0.04588399410247803,0.14285714285714288,-11.176219463348389,-11.176219463348389,0.11176219463348389,0.047659723783532774,0.015020833611488342
Jordan,1995,0.04588399410247803,0.13333333333333336,-11.176219463348389,-11.176219463348389,0.11176219463348389,0.047823809133126186,0.017266666889190672
Jordan,1996,0.04588399410247803,0.125,-11.176219463348389,-11.176219463348389,0.11176219463348389,0.04882836616465023,0.015020833611488342
Jordan,1997,0.04588399410247803,0.1176470588235294,-11.176219463348389,-11.176219463348389,0.11176219463348389,0.046956501821676884,0.012775000333786011
Jordan,1998,0.04588399410247803,0.11111111111111109,-11.176219463348389,-11.176219463348389,0.11176219463348389,0.04609788538888097,0.012087500095367432
Jordan,1999,0.04588399410247803,0.10526315789473684,-11.176219463348389,-11.176219463348389,0.11176219463348389,0.04515799229635911,0.011399999856948853
Jordan,2000,0.04588399410247803,0.1,-11.176219463348389,-11.176219463348389,0.11176219463348389,0.044528047392765675,0.010162499845027923
Jordan,2001,0.04588399410247803,0.09523809523809523,-11.176219463348389,-11.176219463348389,0.11176219463348389,0.04442240051533046,0.008924999833106994
Jordan,2002,0.04588399410247803,0.0909090909090909,-11.176219463348389,-11.176219463348389,0.11176219463348389,0.04483590473234653,0.01011249989271164
Jordan,2003,0.04588399410247803,0.08695652173913046,-11.176219463348389,-11.176219463348389,0.11176219463348389,0.045456044006915323,0.011299999952316285
Jordan,2004,0.04588399410247803,0.08333333333333331,-11.176219463348389,-11.176219463348389,0.11176219463348389,0.045289841253649106,0.011349999904632568
Jordan,2005,0.04588399410247803,0.08000000000000002,-11.176219463348389,-11.176219463348389,0.11176219463348389,0.04704200092865073,0.011399999856948853
Jordan,2006,0.04588399410247803,0.07692307692307694,-11.176219463348389,-11.176219463348389,0.11176219463348389,0.04847187212357918,0.011349999904632568
Jordan,2007,0.04588399410247803,0.07407407407407408,-11.176219463348389,-11.176219463348389,0.11176219463348389,0.049770329773426054,0.011299999952316285
Jordan,2008,0.04588399410247803,0.07142857142857145,-11.176219463348389,-11.176219463348389,0.11176219463348389,0.05100059336194625,0.011033333539962768
Jordan,2009,0.04588399410247803,0.06896551724137931,-11.176219463348389,-11.176219463348389,0.11176219463348389,0.05179035232022956,0.011299999952316285
Jordan,2010,0.04588399410247803,0.06666666666666668,-11.176219463348389,-11.176219463348389,0.11176219463348389,0.0518966188707522,0.011349999904632568
Jordan,2011,0.061030772527058914,0.09677419354838708,-8.505947987238565,-8.505947987238565,0.08505947987238566,0.0518966188707522,0.011399999856948853
Jordan,2012,0.061030772527058914,0.09375,-8.505947987238565,-8.505947987238565,0.08505947987238566,0.050999139845371244,0.012087500095367432
Jordan,2013,0.050323413610458376,0.12121212121212123,-6.363573729991913,-8.505947987238565,0.08505947987238566,0.050999139845371244,0.012775000333786011
Jordan,2014,0.050323413610458376,0.1176470588235294,-6.363573729991913,-8.505947987238565,0.08505947987238566,0.050242304255565015,0.015020833611488342
Jordan,2015,0.050323413610458376,0.11428571428571427,-6.363573729991913,-8.505947987238565,0.08505947987238566,0.049620350724266425,0.017266666889190672
Jordan,2016,0.050323413610458376,0.11111111111111109,-6.363573729991913,-8.505947987238565,0.08505947987238566,0.048814364233985545,0.017329166531562804
Kazakhstan,1990,0.06156854629516602,0.03962264150943407,-3.602053999900818,-9.443121433258057,0.09443121433258056,0.03965355634689331,0.010775000154972077
Kazakhstan,1991,0.05489142417907715,0.039451114922812974,-3.7458600997924805,-9.443121433258057,0.09443121433258056,0.03902801632881164,0.008774999976158143
Kazakhstan,1992,0.05464460849761963,0.0377358490566037,-3.491720199584961,-9.046422004699707,0.09046422004699707,0.038766757249832154,0.010775000154972077
Kazakhstan,1993,0.05464460849761963,0.034833091436864985,-3.491720199584961,-9.046422004699707,0.09046422004699707,0.038766757249832154,0.012775000333786011
Kazakhstan,1994,0.05464460849761963,0.0323450134770889,-3.491720199584961,-9.046422004699707,0.09046422004699707,-0.09199999809265137,0.015020833611488342
Kazakhstan,1995,0.05464460849761963,0.03270440251572311,-3.491720199584961,-9.443121433258057,0.09443121433258056,-0.10889879703521728,0.017266666889190672
Kazakhstan,1996,0.05184954643249512,0.033018867924528385,-4,-9.443121433258057,0.09443121433258056,-0.09993253072102865,0.015020833611488342
Kazakhstan,1997,0.05184954643249512,0.031076581576026514,-4,-9.443121433258057,0.09443121433258056,-0.07369939804077148,0.012775000333786011
Kazakhstan,1998,0.05439779281616211,0.03249475890985333,-3.7458600997924805,-8.681434631347656,0.08681434631347656,-0.05555951833724976,0.012087500095367432
Kazakhstan,1999,0.05489142417907715,0.03674280039721927,-4.2176673412323,-5.762015342712402,0.057620153427124024,-0.049466265241305034,0.011399999856948853
Kazakhstan,2000,0.05489142417907715,0.03679245283018856,-4.609468698501587,-6.26451301574707,0.0626451301574707,-0.03854251299585615,0.010162499845027923
Kazakhstan,2001,0.055196635723114014,0.037735849056603474,-4,-6.013264179229736,0.06013264179229736,-0.02147469863295555,0.008924999833106994
Kazakhstan,2002,0.05550184726715088,0.03687821612349902,-4.2176673412323,-6.26451301574707,0.0626451301574707,-0.004088621007071593,0.01011249989271164
Kazakhstan,2003,0.056810131072998045,0.03855619360131253,-3.7953062057495117,-6.26451301574707,0.0626451301574707,0.006120241284370422,0.011299999952316285
Kazakhstan,2004,0.056810131072998045,0.03694968553459151,-3.7953062057495117,-6.26451301574707,0.0626451301574707,0.014018401341004802,0.011349999904632568
Kazakhstan,2005,0.05730103969573975,0.036226415094339375,-3.5906124114990234,-6.26451301574707,0.0626451301574707,0.020850201547145845,0.011399999856948853
Kazakhstan,2006,0.05730103969573975,0.034833091436865374,-3.5906124114990234,-6.26451301574707,0.0626451301574707,0.026707878204492427,0.011349999904632568
Kazakhstan,2007,0.05730103969573975,0.03354297693920316,-3.5906124114990234,-6.26451301574707,0.0626451301574707,0.03244302962507522,0.011299999952316285
Kazakhstan,2008,0.057791948318481445,0.03301886792452809,-3.7953062057495117,-6.567152738571167,0.06567152738571166,0.036213494062423704,0.011033333539962768
Kazakhstan,2009,0.04665851593017578,0.03448275862068967,-5.59999942779541,-5.59999942779541,0.0559999942779541,0.036213494062423704,0.011299999952316285
Kazakhstan,2010,0.04665851593017578,0.03333333333333334,-5.59999942779541,-5.59999942779541,0.0559999942779541,0.034700150713324544,0.011349999904632568
Kazakhstan,2011,0.04665851593017578,0.03225806451612905,-5.59999942779541,-5.59999942779541,0.0559999942779541,0.03695308313650243,0.011399999856948853
Kazakhstan,2012,0.04665851593017578,0.03125,-5.59999942779541,-5.59999942779541,0.0559999942779541,0.039066800740030085,0.012087500095367432
Kazakhstan,2013,0.04665851593017578,0.03030303030303032,-5.59999942779541,-5.59999942779541,0.0559999942779541,0.039642232280028486,0.012775000333786011
Kazakhstan,2014,0.04665851593017578,0.02941176470588235,-5.59999942779541,-5.59999942779541,0.0559999942779541,0.04066012066602706,0.015020833611488342
Kazakhstan,2015,0.04665851593017578,0.028571428571428567,-5.59999942779541,-5.59999942779541,0.0559999942779541,0.04077154358228047,0.017266666889190672
Kazakhstan,2016,0.04665851593017578,0.02777777777777777,-5.59999942779541,-5.59999942779541,0.0559999942779541,0.039463746168396686,0.017329166531562804
Latvia,1990,0.06156854629516602,0.03962264150943407,-3.602053999900818,-9.443121433258057,0.09443121433258056,0.03965355634689331,0.010775000154972077
Latvia,1991,0.05489142417907715,0.039451114922812974,-3.7458600997924805,-9.443121433258057,0.09443121433258056,0.03902801632881164,0.008774999976158143
Latvia,1992,0.05464460849761963,0.0377358490566037,-3.491720199584961,-9.046422004699707,0.09046422004699707,0.038766757249832154,0.010775000154972077
Latvia,1993,0.05464460849761963,0.034833091436864985,-3.491720199584961,-9.046422004699707,0.09046422004699707,0.038766757249832154,0.012775000333786011
Latvia,1994,0.05464460849761963,0.0323450134770889,-3.491720199584961,-9.046422004699707,0.09046422004699707,-0.11399986267089844,0.015020833611488342
Latvia,1995,0.05464460849761963,0.03270440251572311,-3.491720199584961,-9.443121433258057,0.09443121433258056,-0.04599989056587219,0.017266666889190672
Latvia,1996,0.05184954643249512,0.033018867924528385,-4,-9.443121433258057,0.09443121433258056,-0.03761395295461019,0.015020833611488342
Latvia,1997,0.05184954643249512,0.031076581576026514,-4,-9.443121433258057,0.09443121433258056,-0.022312995195388794,0.012775000333786011
Latvia,1998,0.05439779281616211,0.03249475890985333,-3.7458600997924805,-8.681434631347656,0.08681434631347656,9.78879928588796e-5,0.012087500095367432
Latvia,1999,0.05489142417907715,0.03674280039721927,-4.2176673412323,-5.762015342712402,0.057620153427124024,0.010951205094655353,0.011399999856948853
Latvia,2000,0.05489142417907715,0.03679245283018856,-4.609468698501587,-6.26451301574707,0.0626451301574707,0.01312811068126133,0.010162499845027923
Latvia,2001,0.055196635723114014,0.037735849056603474,-4,-6.013264179229736,0.06013264179229736,0.01824568063020706,0.008924999833106994
Latvia,2002,0.05550184726715088,0.03687821612349902,-4.2176673412323,-6.26451301574707,0.0626451301574707,0.02339758899476793,0.01011249989271164
Latvia,2003,0.056810131072998045,0.03855619360131253,-3.7953062057495117,-6.26451301574707,0.0626451301574707,0.028160845994949345,0.011299999952316285
Latvia,2004,0.056810131072998045,0.03694968553459151,-3.7953062057495117,-6.26451301574707,0.0626451301574707,0.03326503601941196,0.011349999904632568
Latvia,2005,0.05730103969573975,0.036226415094339375,-3.5906124114990234,-6.26451301574707,0.0626451301574707,0.037439245581626895,0.011399999856948853
Latvia,2006,0.05730103969573975,0.034833091436865374,-3.5906124114990234,-6.26451301574707,0.0626451301574707,0.042787800018603994,0.011349999904632568
Latvia,2007,0.05730103969573975,0.03354297693920316,-3.5906124114990234,-6.26451301574707,0.0626451301574707,0.04822394388062614,0.011299999952316285
Latvia,2008,0.057791948318481445,0.03301886792452809,-3.7953062057495117,-6.567152738571167,0.06567152738571166,0.05166187111536662,0.011033333539962768
Latvia,2009,0.2242836570739746,0.03448275862068967,-13.526933670043945,-13.526933670043945,0.13526933670043945,0.05166187111536662,0.011299999952316285
Latvia,2010,0.2242836570739746,0.03333333333333334,-13.526933670043945,-13.526933670043945,0.13526933670043945,0.03943194940686226,0.011349999904632568
Latvia,2011,0.2242836570739746,0.03225806451612905,-13.526933670043945,-13.526933670043945,0.13526933670043945,0.0347943847319659,0.011399999856948853
Latvia,2012,0.2242836570739746,0.03125,-13.526933670043945,-13.526933670043945,0.13526933670043945,0.03640637185838488,0.012087500095367432
Latvia,2013,0.2242836570739746,0.03030303030303032,-13.526933670043945,-13.526933670043945,0.13526933670043945,0.03661373012944272,0.012775000333786011
Latvia,2014,0.2242836570739746,0.02941176470588235,-13.526933670043945,-13.526933670043945,0.13526933670043945,0.035997969388961784,0.015020833611488342
Latvia,2015,0.2242836570739746,0.028571428571428567,-13.526933670043945,-13.526933670043945,0.13526933670043945,0.035168658381416674,0.017266666889190672
Latvia,2016,0.2242836570739746,0.02777777777777777,-13.526933670043945,-13.526933670043945,0.13526933670043945,0.034920859824527396,0.017329166531562804
Lebanon,1990,0.06156854629516602,0.03962264150943407,-3.602053999900818,-9.443121433258057,0.09443121433258056,-0.003732019901275649,0.010775000154972077
Lebanon,1991,0.05489142417907715,0.039451114922812974,-3.7458600997924805,-9.443121433258057,0.09443121433258056,-0.015593937527049673,0.008774999976158143
Lebanon,1992,0.05464460849761963,0.0377358490566037,-3.491720199584961,-9.046422004699707,0.09046422004699707,0.017538891235987352,0.010775000154972077
Lebanon,1993,0.05464460849761963,0.034833091436864985,-3.491720199584961,-9.046422004699707,0.09046422004699707,0.019647323901836676,0.012775000333786011
Lebanon,1994,0.05464460849761963,0.0323450134770889,-3.491720199584961,-9.046422004699707,0.09046422004699707,0.023243745395115437,0.015020833611488342
Lebanon,1995,0.05464460849761963,0.03270440251572311,-3.491720199584961,-9.443121433258057,0.09443121433258056,0.027047342300415046,0.017266666889190672
Lebanon,1996,0.05184954643249512,0.033018867924528385,-4,-9.443121433258057,0.09443121433258056,0.02941487342119217,0.015020833611488342
Lebanon,1997,0.05184954643249512,0.031076581576026514,-4,-9.443121433258057,0.09443121433258056,0.030060002944048723,0.012775000333786011
Lebanon,1998,0.05439779281616211,0.03249475890985333,-3.7458600997924805,-8.681434631347656,0.08681434631347656,0.03405106332567004,0.012087500095367432
Lebanon,1999,0.05489142417907715,0.03674280039721927,-4.2176673412323,-5.762015342712402,0.057620153427124024,0.03431153372714394,0.011399999856948853
Lebanon,2000,0.05489142417907715,0.03679245283018856,-4.609468698501587,-6.26451301574707,0.0626451301574707,0.03219595703482628,0.010162499845027923
Lebanon,2001,0.055196635723114014,0.037735849056603474,-4,-6.013264179229736,0.06013264179229736,0.031186625758806867,0.008924999833106994
Lebanon,2002,0.05550184726715088,0.03687821612349902,-4.2176673412323,-6.26451301574707,0.0626451301574707,0.03154177917675538,0.01011249989271164
Lebanon,2003,0.056810131072998045,0.03855619360131253,-3.7953062057495117,-6.26451301574707,0.0626451301574707,0.031648658384447505,0.011299999952316285
Lebanon,2004,0.056810131072998045,0.03694968553459151,-3.7953062057495117,-6.26451301574707,0.0626451301574707,0.03103829763829708,0.011349999904632568
Lebanon,2005,0.05730103969573975,0.036226415094339375,-3.5906124114990234,-6.26451301574707,0.0626451301574707,0.03219670946598053,0.011399999856948853
Lebanon,2006,0.05730103969573975,0.034833091436865374,-3.5906124114990234,-6.26451301574707,0.0626451301574707,0.03201544910669327,0.011349999904632568
Lebanon,2007,0.05730103969573975,0.03354297693920316,-3.5906124114990234,-6.26451301574707,0.0626451301574707,0.03145985247912231,0.011299999952316285
Lebanon,2008,0.057791948318481445,0.03301886792452809,-3.7953062057495117,-6.567152738571167,0.06567152738571166,0.0336723327423845,0.011033333539962768
Lebanon,2009,0.057791948318481445,0.03968770331815219,-3.7953062057495117,-5.681007385253906,0.05681007385253906,0.035700473764847064,0.011299999952316285
Lebanon,2010,0.062129030227661135,0.04528301886792441,-5.59999942779541,-6.26451301574707,0.0626451301574707,0.037861950536568954,0.011349999904632568
Lebanon,2011,0.5269489669799805,0.03225806451612905,-2.017228126525879,-2.017228126525879,0.020172281265258787,0.037861950536568954,0.011399999856948853
Lebanon,2012,0.5269489669799805,0.03125,-2.017228126525879,-2.017228126525879,0.020172281265258787,0.03693662883773927,0.012087500095367432
Lebanon,2013,0.5269489669799805,0.03030303030303032,-2.017228126525879,-2.017228126525879,0.020172281265258787,0.036658686343580486,0.012775000333786011
Lebanon,2014,0.5269489669799805,0.02941176470588235,-2.017228126525879,-2.017228126525879,0.020172281265258787,0.03634667586196552,0.015020833611488342
Lebanon,2015,0.5269489669799805,0.028571428571428567,-2.017228126525879,-2.017228126525879,0.020172281265258787,0.03586675049627528,0.017266666889190672
Lebanon,2016,0.5269489669799805,0.02777777777777777,-2.017228126525879,-2.017228126525879,0.020172281265258787,0.03507500335148403,0.017329166531562804
Lithuania,1990,0.06156854629516602,0.03962264150943407,-3.602053999900818,-9.443121433258057,0.09443121433258056,0.03965355634689331,0.010775000154972077
Lithuania,1991,0.05489142417907715,0.039451114922812974,-3.7458600997924805,-9.443121433258057,0.09443121433258056,0.03902801632881164,0.008774999976158143
Lithuania,1992,0.05464460849761963,0.0377358490566037,-3.491720199584961,-9.046422004699707,0.09046422004699707,0.038766757249832154,0.010775000154972077
Lithuania,1993,0.05464460849761963,0.034833091436864985,-3.491720199584961,-9.046422004699707,0.09046422004699707,0.038766757249832154,0.012775000333786011
Lithuania,1994,0.05464460849761963,0.0323450134770889,-3.491720199584961,-9.046422004699707,0.09046422004699707,0.03806485891342163,0.015020833611488342
Lithuania,1995,0.05464460849761963,0.03270440251572311,-3.491720199584961,-9.443121433258057,0.09443121433258056,0.03895842671394348,0.017266666889190672
Lithuania,1996,0.05184954643249512,0.033018867924528385,-4,-9.443121433258057,0.09443121433258056,0.039516093730926516,0.015020833611488342
Lithuania,1997,0.05184954643249512,0.031076581576026514,-4,-9.443121433258057,0.09443121433258056,0.05239175319671631,0.012775000333786011
Lithuania,1998,0.05439779281616211,0.03249475890985333,-3.7458600997924805,-8.681434631347656,0.08681434631347656,0.0676590371131897,0.012087500095367432
Lithuania,1999,0.05489142417907715,0.03674280039721927,-4.2176673412323,-5.762015342712402,0.057620153427124024,0.06999512831370036,0.011399999856948853
Lithuania,2000,0.05489142417907715,0.03679245283018856,-4.609468698501587,-6.26451301574707,0.0626451301574707,0.04966113597154617,0.010162499845027923
Lithuania,2001,0.055196635723114014,0.037735849056603474,-4,-6.013264179229736,0.06013264179229736,0.04739244341850281,0.008924999833106994
Lithuania,2002,0.05550184726715088,0.03687821612349902,-4.2176673412323,-6.26451301574707,0.0626451301574707,0.05036755939324697,0.01011249989271164
Lithuania,2003,0.056810131072998045,0.03855619360131253,-3.7953062057495117,-6.26451301574707,0.0626451301574707,0.05283020343099322,0.011299999952316285
Lithuania,2004,0.056810131072998045,0.03694968553459151,-3.7953062057495117,-6.26451301574707,0.0626451301574707,0.05939932152628899,0.011349999904632568
Lithuania,2005,0.05730103969573975,0.036226415094339375,-3.5906124114990234,-6.26451301574707,0.0626451301574707,0.06007747848828633,0.011399999856948853
Lithuania,2006,0.05730103969573975,0.034833091436865374,-3.5906124114990234,-6.26451301574707,0.0626451301574707,0.061797616362571715,0.011349999904632568
Lithuania,2007,0.05730103969573975,0.03354297693920316,-3.5906124114990234,-6.26451301574707,0.0626451301574707,0.06291218053210866,0.011299999952316285
Lithuania,2008,0.057791948318481445,0.03301886792452809,-3.7953062057495117,-6.567152738571167,0.06567152738571166,0.0669088656703631,0.011033333539962768
Lithuania,2009,0.07569300651550293,0.03448275862068967,-8.458998680114746,-8.458998680114746,0.08458998680114746,0.0669088656703631,0.011299999952316285
Lithuania,2010,0.07569300651550293,0.03333333333333334,-8.458998680114746,-8.458998680114746,0.08458998680114746,0.05036650281686048,0.011349999904632568
Lithuania,2011,0.07569300651550293,0.03225806451612905,-8.458998680114746,-8.458998680114746,0.08458998680114746,0.04793996606554304,0.011399999856948853
Lithuania,2012,0.07569300651550293,0.03125,-8.458998680114746,-8.458998680114746,0.08458998680114746,0.0487728541692098,0.012087500095367432
Lithuania,2013,0.07569300651550293,0.03030303030303032,-8.458998680114746,-8.458998680114746,0.08458998680114746,0.04811655625700951,0.012775000333786011
Lithuania,2014,0.07569300651550293,0.02941176470588235,-8.458998680114746,-8.458998680114746,0.08458998680114746,0.047344114359687356,0.015020833611488342
Lithuania,2015,0.07569300651550293,0.028571428571428567,-8.458998680114746,-8.458998680114746,0.08458998680114746,0.0466791209909651,0.017266666889190672
Lithuania,2016,0.07569300651550293,0.02777777777777777,-8.458998680114746,-8.458998680114746,0.08458998680114746,0.04529315509294209,0.017329166531562804
"Macedonia, FYR",1990,0.06156854629516602,0.03962264150943407,-3.602053999900818,-9.443121433258057,0.09443121433258056,0.03965355634689331,0.010775000154972077
"Macedonia, FYR",1991,0.05489142417907715,0.039451114922812974,-3.7458600997924805,-9.443121433258057,0.09443121433258056,0.03902801632881164,0.008774999976158143
"Macedonia, FYR",1992,0.05464460849761963,0.0377358490566037,-3.491720199584961,-9.046422004699707,0.09046422004699707,0.038766757249832154,0.010775000154972077
"Macedonia, FYR",1993,0.05464460849761963,0.034833091436864985,-3.491720199584961,-9.046422004699707,0.09046422004699707,0.038766757249832154,0.012775000333786011
"Macedonia, FYR",1994,0.05464460849761963,0.0323450134770889,-3.491720199584961,-9.046422004699707,0.09046422004699707,-0.075,0.015020833611488342
"Macedonia, FYR",1995,0.05464460849761963,0.03270440251572311,-3.491720199584961,-9.443121433258057,0.09443121433258056,-0.046500024199485776,0.017266666889190672
"Macedonia, FYR",1996,0.05184954643249512,0.033018867924528385,-4,-9.443121433258057,0.09443121433258056,-0.03466668287913005,0.015020833611488342
"Macedonia, FYR",1997,0.05184954643249512,0.031076581576026514,-4,-9.443121433258057,0.09443121433258056,-0.023000012040138244,0.012775000333786011
"Macedonia, FYR",1998,0.05439779281616211,0.03249475890985333,-3.7458600997924805,-8.681434631347656,0.08681434631347656,-0.015698576450347904,0.012087500095367432
"Macedonia, FYR",1999,0.05489142417907715,0.03674280039721927,-4.2176673412323,-5.762015342712402,0.057620153427124024,-0.007447151343027751,0.011399999856948853
"Macedonia, FYR",2000,0.05489142417907715,0.03679245283018856,-4.609468698501587,-6.26451301574707,0.0626451301574707,-1.7225401742117618e-4,0.010162499845027923
"Macedonia, FYR",2001,0.055196635723114014,0.037735849056603474,-4,-6.013264179229736,0.06013264179229736,0.005522800087928772,0.008924999833106994
"Macedonia, FYR",2002,0.05550184726715088,0.03687821612349902,-4.2176673412323,-6.26451301574707,0.0626451301574707,0.001501092645857071,0.01011249989271164
"Macedonia, FYR",2003,0.056810131072998045,0.03855619360131253,-3.7953062057495117,-6.26451301574707,0.0626451301574707,0.0028446488380432116,0.011299999952316285
"Macedonia, FYR",2004,0.056810131072998045,0.03694968553459151,-3.7953062057495117,-6.26451301574707,0.0626451301574707,0.00460659135471691,0.011349999904632568
"Macedonia, FYR",2005,0.05730103969573975,0.036226415094339375,-3.5906124114990234,-6.26451301574707,0.0626451301574707,0.008117783268292742,0.011399999856948853
"Macedonia, FYR",2006,0.05730103969573975,0.034833091436865374,-3.5906124114990234,-6.26451301574707,0.0626451301574707,0.01112725276213426,0.011349999904632568
"Macedonia, FYR",2007,0.05730103969573975,0.03354297693920316,-3.5906124114990234,-6.26451301574707,0.0626451301574707,0.014001752819333762,0.011299999952316285
"Macedonia, FYR",2008,0.057791948318481445,0.03301886792452809,-3.7953062057495117,-6.567152738571167,0.06567152738571166,0.017383960564931238,0.011033333539962768
"Macedonia, FYR",2009,0.057791948318481445,0.03968770331815219,-3.7953062057495117,-5.681007385253906,0.05681007385253906,0.01971746399998665,0.011299999952316285
"Macedonia, FYR",2010,0.07960976600646973,0.03333333333333334,-5.830616474151611,-5.830616474151611,0.05830616474151611,0.01971746399998665,0.011349999904632568
"Macedonia, FYR",2011,0.07960976600646973,0.03225806451612905,-5.830616474151611,-5.830616474151611,0.05830616474151611,0.020533511077656462,0.011399999856948853
"Macedonia, FYR",2012,0.07960976600646973,0.03125,-5.830616474151611,-5.830616474151611,0.05830616474151611,0.020692545572916665,0.012087500095367432
"Macedonia, FYR",2013,0.07960976600646973,0.03030303030303032,-5.830616474151611,-5.830616474151611,0.05830616474151611,0.019363367792807132,0.012775000333786011
"Macedonia, FYR",2014,0.07960976600646973,0.02941176470588235,-5.830616474151611,-5.830616474151611,0.05830616474151611,0.019857828244566916,0.015020833611488342
"Macedonia, FYR",2015,0.07960976600646973,0.028571428571428567,-5.830616474151611,-5.830616474151611,0.05830616474151611,0.02064037139926638,0.017266666889190672
"Macedonia, FYR",2016,0.07960976600646973,0.02777777777777777,-5.830616474151611,-5.830616474151611,0.05830616474151611,0.021454838717525654,0.017329166531562804
Malaysia,1990,0.04144312858581543,0.1,1.5116891860961914,-9.443121433258057,0.09443121433258056,0.05693350242243873,0.010775000154972077
Malaysia,1991,0.04144312858581543,0.0909090909090909,1.5116891860961914,-9.443121433258057,0.09443121433258056,0.06024765092134476,0.008774999976158143
Malaysia,1992,0.04144312858581543,0.08333333333333333,1.5116891860961914,-9.046422004699707,0.09046422004699707,0.06345008660446513,0.010775000154972077
Malaysia,1993,0.04144312858581543,0.07692307692307693,1.5116891860961914,-9.046422004699707,0.09046422004699707,0.06556762600938479,0.012775000333786011
Malaysia,1994,0.04144312858581543,0.07142857142857144,1.5116891860961914,-9.046422004699707,0.09046422004699707,0.06813606615249927,0.015020833611488342
Malaysia,1995,0.04144312858581543,0.06666666666666668,1.5116891860961914,-9.443121433258057,0.09443121433258056,0.06984867287533623,0.017266666889190672
Malaysia,1996,0.04144312858581543,0.0625,1.5116891860961914,-9.443121433258057,0.09443121433258056,0.07174525757630666,0.015020833611488342
Malaysia,1997,0.04144312858581543,0.05882352941176469,1.5116891860961914,-9.443121433258057,0.09443121433258056,0.07351245451718569,0.012775000333786011
Malaysia,1998,0.060012142658233646,0.11111111111111109,-0.5814614295959473,-2.674612045288086,0.02674612045288086,0.07351245451718569,0.012087500095367432
Malaysia,1999,0.060012142658233646,0.10526315789473684,-0.5814614295959473,-2.674612045288086,0.02674612045288086,0.06485950038713567,0.011399999856948853
Malaysia,2000,0.060012142658233646,0.1,-0.5814614295959473,-2.674612045288086,0.02674612045288086,0.06466221004724503,0.010162499845027923
Malaysia,2001,0.060012142658233646,0.09523809523809523,-0.5814614295959473,-2.674612045288086,0.02674612045288086,0.065822516397426,0.008924999833106994
Malaysia,2002,0.060012142658233646,0.0909090909090909,-0.5814614295959473,-2.674612045288086,0.02674612045288086,0.06279016569256783,0.01011249989271164
Malaysia,2003,0.060012142658233646,0.08695652173913045,-0.5814614295959473,-2.674612045288086,0.02674612045288086,0.06236736300445738,0.011299999952316285
Malaysia,2004,0.060012142658233646,0.08333333333333333,-0.5814614295959473,-2.674612045288086,0.02674612045288086,0.062163681360808284,0.011349999904632568
Malaysia,2005,0.060012142658233646,0.08,-0.5814614295959473,-2.674612045288086,0.02674612045288086,0.06240990703520567,0.011399999856948853
Malaysia,2006,0.060012142658233646,0.07692307692307693,-0.5814614295959473,-2.674612045288086,0.02674612045288086,0.06188279253741105,0.011349999904632568
Malaysia,2007,0.060012142658233646,0.07407407407407407,-0.5814614295959473,-2.674612045288086,0.02674612045288086,0.06164127848148346,0.011299999952316285
Malaysia,2008,0.060012142658233646,0.07142857142857144,-0.5814614295959473,-2.674612045288086,0.02674612045288086,0.061693127545026635,0.011033333539962768
Malaysia,2009,0.07408671855926513,0.10344827586206898,-0.8765605290730794,-2.070685386657715,0.020706853866577148,0.061693127545026635,0.011299999952316285
Malaysia,2010,0.07408671855926513,0.1,-0.8765605290730794,-2.070685386657715,0.020706853866577148,0.05884758165589085,0.011349999904632568
Malaysia,2011,0.07408671855926513,0.0967741935483871,-0.8765605290730794,-2.070685386657715,0.020706853866577148,0.05943438370312963,0.011399999856948853
Malaysia,2012,0.07408671855926513,0.09375,-0.8765605290730794,-2.070685386657715,0.020706853866577148,0.059210365167979534,0.012087500095367432
Malaysia,2013,0.07408671855926513,0.0909090909090909,-0.8765605290730794,-2.070685386657715,0.020706853866577148,0.05906117099523544,0.012775000333786011
Malaysia,2014,0.07408671855926513,0.08823529411764705,-0.8765605290730794,-2.070685386657715,0.020706853866577148,0.05867007603568416,0.015020833611488342
Malaysia,2015,0.07408671855926513,0.0857142857142857,-0.8765605290730794,-2.070685386657715,0.020706853866577148,0.05871370399370789,0.017266666889190672
Malaysia,2016,0.07408671855926513,0.08333333333333333,-0.8765605290730794,-2.070685386657715,0.020706853866577148,0.05847741583983103,0.017329166531562804
Mauritius,1990,0.06156854629516602,0.03962264150943407,-3.602053999900818,-9.443121433258057,0.09443121433258056,0.04451618629693984,0.010775000154972077
Mauritius,1991,0.05489142417907715,0.039451114922812974,-3.7458600997924805,-9.443121433258057,0.09443121433258056,0.047002657164226885,0.008774999976158143
Mauritius,1992,0.05464460849761963,0.0377358490566037,-3.491720199584961,-9.046422004699707,0.09046422004699707,0.04678197428584099,0.010775000154972077
Mauritius,1993,0.05464460849761963,0.034833091436864985,-3.491720199584961,-9.046422004699707,0.09046422004699707,0.048193129071822535,0.012775000333786011
Mauritius,1994,0.05464460849761963,0.0323450134770889,-3.491720199584961,-9.046422004699707,0.09046422004699707,0.0483808075104441,0.015020833611488342
Mauritius,1995,0.05464460849761963,0.03270440251572311,-3.491720199584961,-9.443121433258057,0.09443121433258056,0.047912848830223086,0.017266666889190672
Mauritius,1996,0.05184954643249512,0.033018867924528385,-4,-9.443121433258057,0.09443121433258056,0.04759813103824854,0.015020833611488342
Mauritius,1997,0.05184954643249512,0.031076581576026514,-4,-9.443121433258057,0.09443121433258056,0.0480852079742095,0.012775000333786011
Mauritius,1998,0.05439779281616211,0.03249475890985333,-3.7458600997924805,-8.681434631347656,0.08681434631347656,0.048573517302672065,0.012087500095367432
Mauritius,1999,0.05489142417907715,0.03674280039721927,-4.2176673412323,-5.762015342712402,0.057620153427124024,0.049212774257910874,0.011399999856948853
Mauritius,2000,0.05489142417907715,0.03679245283018856,-4.609468698501587,-6.26451301574707,0.0626451301574707,0.048057601720094684,0.010162499845027923
Mauritius,2001,0.055196635723114014,0.037735849056603474,-4,-6.013264179229736,0.06013264179229736,0.049670158369200565,0.008924999833106994
Mauritius,2002,0.05550184726715088,0.03687821612349902,-4.2176673412323,-6.26451301574707,0.0626451301574707,0.048873446448282766,0.01011249989271164
Mauritius,2003,0.056810131072998045,0.03855619360131253,-3.7953062057495117,-6.26451301574707,0.0626451301574707,0.047455876106801236,0.011299999952316285
Mauritius,2004,0.056810131072998045,0.03694968553459151,-3.7953062057495117,-6.26451301574707,0.0626451301574707,0.04797189665337404,0.011349999904632568
Mauritius,2005,0.05730103969573975,0.036226415094339375,-3.5906124114990234,-6.26451301574707,0.0626451301574707,0.04777280476093292,0.011399999856948853
Mauritius,2006,0.05730103969573975,0.034833091436865374,-3.5906124114990234,-6.26451301574707,0.0626451301574707,0.046494065546072445,0.011349999904632568
Mauritius,2007,0.05730103969573975,0.03354297693920316,-3.5906124114990234,-6.26451301574707,0.0626451301574707,0.04644380138980018,0.011299999952316285
Mauritius,2008,0.057791948318481445,0.03301886792452809,-3.7953062057495117,-6.567152738571167,0.06567152738571166,0.046888676307031085,0.011033333539962768
Mauritius,2009,0.057791948318481445,0.03968770331815219,-3.7953062057495117,-5.681007385253906,0.05681007385253906,0.04717236216725975,0.011299999952316285
Mauritius,2010,0.062129030227661135,0.04528301886792441,-5.59999942779541,-6.26451301574707,0.0626451301574707,0.04661627755562464,0.011349999904632568
Mauritius,2011,0.06303461074829102,0.04564820450395621,-4.867010116577148,-6.068203926086426,0.06068203926086426,0.04643517234633046,0.011399999856948853
Mauritius,2012,0.06303461074829102,0.044221698113207426,-4.867010116577148,-6.068203926086426,0.06068203926086426,0.04619964959099889,0.012087500095367432
Mauritius,2013,0.06268951416015625,0.04402515723270425,-4.609468698501587,-6.068203926086426,0.06068203926086426,0.04577600769924395,0.012775000333786011
Mauritius,2014,0.06268951416015625,0.04273029966703658,-4.609468698501587,-6.068203926086426,0.06068203926086426,0.04536764812820098,0.015020833611488342
Mauritius,2015,0.06268951416015625,0.042587601078167114,-4.609468698501587,-6.068203926086426,0.06068203926086426,0.04510686542306628,0.017266666889190672
Mauritius,2016,0.06156854629516602,0.0424528301886791,-4.609468698501587,-5.972352504730225,0.059723525047302245,0.04482612200909191,0.017329166531562804
Mexico,1990,0.08723474502563476,0.1,-9.046422004699707,-9.046422004699707,0.09046422004699707,0.026835057205624055,0.010775000154972077
Mexico,1991,0.08723474502563476,0.0909090909090909,-9.046422004699707,-9.046422004699707,0.09046422004699707,0.029327322721481322,0.008774999976158143
Mexico,1992,0.08723474502563476,0.08333333333333333,-9.046422004699707,-9.046422004699707,0.09046422004699707,0.030492798848585644,0.010775000154972077
Mexico,1993,0.08723474502563476,0.07692307692307693,-9.046422004699707,-9.046422004699707,0.09046422004699707,0.03090264856815338,0.012775000333786011
Mexico,1994,0.08723474502563476,0.07142857142857145,-9.046422004699707,-9.046422004699707,0.09046422004699707,0.03063129883546096,0.015020833611488342
Mexico,1995,0.06826802253723145,0.13333333333333336,-3.4214260578155518,-9.046422004699707,0.09046422004699707,0.03063129883546096,0.017266666889190672
Mexico,1996,0.06826802253723145,0.125,-3.4214260578155518,-9.046422004699707,0.09046422004699707,0.023949612379074097,0.015020833611488342
Mexico,1997,0.06826802253723145,0.1176470588235294,-3.4214260578155518,-9.046422004699707,0.09046422004699707,0.026868479251861574,0.012775000333786011
Mexico,1998,0.06826802253723145,0.1111111111111111,-3.4214260578155518,-9.046422004699707,0.09046422004699707,0.02946848198771477,0.012087500095367432
Mexico,1999,0.06826802253723145,0.10526315789473684,-3.4214260578155518,-9.046422004699707,0.09046422004699707,0.03077264575397267,0.011399999856948853
Mexico,2000,0.06826802253723145,0.1,-3.4214260578155518,-9.046422004699707,0.09046422004699707,0.03059280647171868,0.010162499845027923
Mexico,2001,0.06826802253723145,0.09523809523809523,-3.4214260578155518,-9.046422004699707,0.09046422004699707,0.03158394926472714,0.008924999833106994
Mexico,2002,0.06826802253723145,0.0909090909090909,-3.4214260578155518,-9.046422004699707,0.09046422004699707,0.029802557542920112,0.01011249989271164
Mexico,2003,0.06826802253723145,0.08695652173913045,-3.4214260578155518,-9.046422004699707,0.09046422004699707,0.028364413527860524,0.011299999952316285
Mexico,2004,0.06826802253723145,0.08333333333333333,-3.4214260578155518,-9.046422004699707,0.09046422004699707,0.027732569201087413,0.011349999904632568
Mexico,2005,0.06826802253723145,0.08,-3.4214260578155518,-9.046422004699707,0.09046422004699707,0.028231409948481164,0.011399999856948853
Mexico,2006,0.06826802253723145,0.07692307692307694,-3.4214260578155518,-9.046422004699707,0.09046422004699707,0.02801668763626367,0.011349999904632568
Mexico,2007,0.06826802253723145,0.07407407407407407,-3.4214260578155518,-9.046422004699707,0.09046422004699707,0.02869405136555433,0.011299999952316285
Mexico,2008,0.06826802253723145,0.07142857142857145,-3.4214260578155518,-9.046422004699707,0.09046422004699707,0.028471758645027875,0.011033333539962768
Mexico,2009,0.06826802253723145,0.0689655172413793,-3.4214260578155518,-9.046422004699707,0.09046422004699707,0.027840799009082495,0.011299999952316285
Mexico,2010,0.06067910671234131,0.1,-4.424059708913167,-7.737874507904053,0.07737874507904052,0.027840799009082495,0.011349999904632568
Mexico,2011,0.06067910671234131,0.0967741935483871,-4.424059708913167,-7.737874507904053,0.07737874507904052,0.02867438397636371,0.011399999856948853
Mexico,2012,0.06067910671234131,0.09375,-4.424059708913167,-7.737874507904053,0.07737874507904052,0.0289487179021897,0.012087500095367432
Mexico,2013,0.06067910671234131,0.0909090909090909,-4.424059708913167,-7.737874507904053,0.07737874507904052,0.02919786862904827,0.012775000333786011
Mexico,2014,0.06067910671234131,0.08823529411764705,-4.424059708913167,-7.737874507904053,0.07737874507904052,0.028692805886028277,0.015020833611488342
Mexico,2015,0.06067910671234131,0.0857142857142857,-4.424059708913167,-7.737874507904053,0.07737874507904052,0.028685306574916466,0.017266666889190672
Mexico,2016,0.06067910671234131,0.08333333333333333,-4.424059708913167,-7.737874507904053,0.07737874507904052,0.028807106635561498,0.017329166531562804
Morocco,1990,0.03284133195877075,0.2,-10.84429931640625,-10.84429931640625,0.1084429931640625,0.04754845410585404,0.010775000154972077
Morocco,1991,0.03284133195877075,0.1818181818181818,-10.84429931640625,-10.84429931640625,0.1084429931640625,0.046748327944013804,0.008774999976158143
Morocco,1992,0.03284133195877075,0.16666666666666669,-10.84429931640625,-10.84429931640625,0.1084429931640625,0.04928958344459534,0.010775000154972077
Morocco,1993,0.03284133195877075,0.15384615384615385,-10.84429931640625,-10.84429931640625,0.1084429931640625,0.04290167700160634,0.012775000333786011
Morocco,1994,0.03284133195877075,0.14285714285714288,-10.84429931640625,-10.84429931640625,0.1084429931640625,0.03870937749743462,0.015020833611488342
Morocco,1995,0.03284133195877075,0.13333333333333336,-10.84429931640625,-10.84429931640625,0.1084429931640625,0.04387634868805226,0.017266666889190672
Morocco,1996,0.035928473472595215,0.1875,-13.41887378692627,-13.41887378692627,0.1341887378692627,0.04387634868805226,0.015020833611488342
Morocco,1997,0.035928473472595215,0.1764705882352941,-13.41887378692627,-13.41887378692627,0.1341887378692627,0.04958009247268949,0.012775000333786011
Morocco,1998,0.035928473472595215,0.16666666666666669,-13.41887378692627,-13.41887378692627,0.1341887378692627,0.045234284758567805,0.012087500095367432
Morocco,1999,0.035928473472595215,0.15789473684210525,-13.41887378692627,-13.41887378692627,0.1341887378692627,0.04693123731762171,0.011399999856948853
Morocco,2000,0.035928473472595215,0.15,-13.41887378692627,-13.41887378692627,0.1341887378692627,0.04480665427796981,0.010162499845027923
Morocco,2001,0.035928473472595215,0.14285714285714288,-13.41887378692627,-13.41887378692627,0.1341887378692627,0.043380102945698634,0.008924999833106994
Morocco,2002,0.035928473472595215,0.13636363636363635,-13.41887378692627,-13.41887378692627,0.1341887378692627,0.04494955398534474,0.01011249989271164
Morocco,2003,0.035928473472595215,0.13043478260869562,-13.41887378692627,-13.41887378692627,0.1341887378692627,0.044262801140546794,0.011299999952316285
Morocco,2004,0.035928473472595215,0.125,-13.41887378692627,-13.41887378692627,0.1341887378692627,0.04499369731971195,0.011349999904632568
Morocco,2005,0.035928473472595215,0.12,-13.41887378692627,-13.41887378692627,0.1341887378692627,0.04512899222699079,0.011399999856948853
Morocco,2006,0.035928473472595215,0.11538461538461536,-13.41887378692627,-13.41887378692627,0.1341887378692627,0.044598009871399925,0.011349999904632568
Morocco,2007,0.035928473472595215,0.11111111111111108,-13.41887378692627,-13.41887378692627,0.1341887378692627,0.04589585599799951,0.011299999952316285
Morocco,2008,0.035928473472595215,0.10714285714285715,-13.41887378692627,-13.41887378692627,0.1341887378692627,0.045472784495353705,0.011033333539962768
Morocco,2009,0.035928473472595215,0.10344827586206898,-13.41887378692627,-13.41887378692627,0.1341887378692627,0.04600201503588603,0.011299999952316285
Morocco,2010,0.035928473472595215,0.1,-13.41887378692627,-13.41887378692627,0.1341887378692627,0.04586999864489944,0.011349999904632568
Morocco,2011,0.035928473472595215,0.0967741935483871,-13.41887378692627,-13.41887378692627,0.1341887378692627,0.04559454081313951,0.011399999856948853
Morocco,2012,0.035928473472595215,0.09375,-13.41887378692627,-13.41887378692627,0.1341887378692627,0.0458311764741766,0.012087500095367432
Morocco,2013,0.035928473472595215,0.09090909090909091,-13.41887378692627,-13.41887378692627,0.1341887378692627,0.0453067910472552,0.012775000333786011
Morocco,2014,0.035928473472595215,0.08823529411764708,-13.41887378692627,-13.41887378692627,0.1341887378692627,0.04530832173362855,0.015020833611488342
Morocco,2015,0.035928473472595215,0.08571428571428573,-13.41887378692627,-13.41887378692627,0.1341887378692627,0.04472665352746844,0.017266666889190672
Morocco,2016,0.035928473472595215,0.08333333333333334,-13.41887378692627,-13.41887378692627,0.1341887378692627,0.04474993732842532,0.017329166531562804
Pakistan,1990,0.06156854629516602,0.03962264150943407,-3.602053999900818,-9.443121433258057,0.09443121433258056,0.06356993746757507,0.010775000154972077
Pakistan,1991,0.05489142417907715,0.039451114922812974,-3.7458600997924805,-9.443121433258057,0.09443121433258056,0.06196240620179609,0.008774999976158143
Pakistan,1992,0.05464460849761963,0.0377358490566037,-3.491720199584961,-9.046422004699707,0.09046422004699707,0.061071223616600036,0.010775000154972077
Pakistan,1993,0.05464460849761963,0.034833091436864985,-3.491720199584961,-9.046422004699707,0.09046422004699707,0.062195699948530934,0.012775000333786011
Pakistan,1994,0.05464460849761963,0.0323450134770889,-3.491720199584961,-9.046422004699707,0.09046422004699707,0.0592513586793627,0.015020833611488342
Pakistan,1995,0.05464460849761963,0.03270440251572311,-3.491720199584961,-9.443121433258057,0.09443121433258056,0.05821363464991251,0.017266666889190672
Pakistan,1996,0.05184954643249512,0.033018867924528385,-4,-9.443121433258057,0.09443121433258056,0.057739009708166124,0.015020833611488342
Pakistan,1997,0.05184954643249512,0.031076581576026514,-4,-9.443121433258057,0.09443121433258056,0.058224419565761784,0.012775000333786011
Pakistan,1998,0.05439779281616211,0.03249475890985333,-3.7458600997924805,-8.681434631347656,0.08681434631347656,0.05593566788567437,0.012087500095367432
Pakistan,1999,0.05489142417907715,0.03674280039721927,-4.2176673412323,-5.762015342712402,0.057620153427124024,0.0548305889179832,0.011399999856948853
Pakistan,2000,0.05489142417907715,0.03679245283018856,-4.609468698501587,-6.26451301574707,0.0626451301574707,0.054180123925209045,0.010162499845027923
Pakistan,2001,0.055196635723114014,0.037735849056603474,-4,-6.013264179229736,0.06013264179229736,0.053461015905652734,0.008924999833106994
Pakistan,2002,0.05550184726715088,0.03687821612349902,-4.2176673412323,-6.26451301574707,0.0626451301574707,0.05192512528462844,0.01011249989271164
Pakistan,2003,0.056810131072998045,0.03855619360131253,-3.7953062057495117,-6.26451301574707,0.0626451301574707,0.05102052299872689,0.011299999952316285
Pakistan,2004,0.056810131072998045,0.03694968553459151,-3.7953062057495117,-6.26451301574707,0.0626451301574707,0.05086374248067537,0.011349999904632568
Pakistan,2005,0.05730103969573975,0.036226415094339375,-3.5906124114990234,-6.26451301574707,0.0626451301574707,0.051822259759902956,0.011399999856948853
Pakistan,2006,0.05730103969573975,0.034833091436865374,-3.5906124114990234,-6.26451301574707,0.0626451301574707,0.05327462806151464,0.011349999904632568
Pakistan,2007,0.05730103969573975,0.03354297693920316,-3.5906124114990234,-6.26451301574707,0.0626451301574707,0.05345640434159173,0.011299999952316285
Pakistan,2008,0.057791948318481445,0.03301886792452809,-3.7953062057495117,-6.567152738571167,0.06567152738571166,0.053524605589253565,0.011033333539962768
Pakistan,2009,0.03784072160720825,0.03448275862068967,-0.5485091209411621,-0.5485091209411621,0.005485091209411621,0.053524605589253565,0.011299999952316285
Pakistan,2010,0.03784072160720825,0.03333333333333334,-0.5485091209411621,-0.5485091209411621,0.005485091209411621,0.05180331780992705,0.011349999904632568
Pakistan,2011,0.03784072160720825,0.03225806451612905,-0.5485091209411621,-0.5485091209411621,0.005485091209411621,0.05093670773506164,0.011399999856948853
Pakistan,2012,0.03784072160720825,0.03125,-0.5485091209411621,-0.5485091209411621,0.005485091209411621,0.05046254634857178,0.012087500095367432
Pakistan,2013,0.03784072160720825,0.03030303030303032,-0.5485091209411621,-0.5485091209411621,0.005485091209411621,0.050084557309746744,0.012775000333786011
Pakistan,2014,0.03784072160720825,0.02941176470588235,-0.5485091209411621,-0.5485091209411621,0.005485091209411621,0.04968293767986876,0.015020833611488342
Pakistan,2015,0.03784072160720825,0.028571428571428567,-0.5485091209411621,-0.5485091209411621,0.005485091209411621,0.049413837545058306,0.017266666889190672
Pakistan,2016,0.03784072160720825,0.02777777777777777,-0.5485091209411621,-0.5485091209411621,0.005485091209411621,0.0491613998413086,0.017329166531562804
Panama,1990,0.0875182056427002,0.1,-9.839820861816406,-9.839820861816406,0.09839820861816406,0.0184978985786438,0.010775000154972077
Panama,1991,0.0875182056427002,0.0909090909090909,-9.839820861816406,-9.839820861816406,0.09839820861816406,0.024747101068496705,0.008774999976158143
Panama,1992,0.0875182056427002,0.08333333333333333,-9.839820861816406,-9.839820861816406,0.09839820861816406,0.031059083288366148,0.010775000154972077
Panama,1993,0.0875182056427002,0.07692307692307693,-9.839820861816406,-9.839820861816406,0.09839820861816406,0.035306575496991476,0.012775000333786011
Panama,1994,0.0875182056427002,0.07142857142857144,-9.839820861816406,-9.839820861816406,0.09839820861816406,0.03678737805439876,0.015020833611488342
Panama,1995,0.0875182056427002,0.06666666666666668,-9.839820861816406,-9.839820861816406,0.09839820861816406,0.03619506342070443,0.017266666889190672
Panama,1996,0.0875182056427002,0.0625,-9.839820861816406,-9.839820861816406,0.09839820861816406,0.03495012831687928,0.015020833611488342
Panama,1997,0.0875182056427002,0.05882352941176469,-9.839820861816406,-9.839820861816406,0.09839820861816406,0.03737292565405369,0.012775000333786011
Panama,1998,0.0875182056427002,0.05555555555555554,-9.839820861816406,-9.839820861816406,0.09839820861816406,0.03898442752221052,0.012087500095367432
Panama,1999,0.0875182056427002,0.05263157894736844,-9.839820861816406,-9.839820861816406,0.09839820861816406,0.040892496440145705,0.011399999856948853
Panama,2000,0.0875182056427002,0.04999999999999999,-9.839820861816406,-9.839820861816406,0.09839820861816406,0.040784512758255,0.010162499845027923
Panama,2001,0.09785748481750488,0.09523809523809523,-5.495378375053406,-5.495378375053406,0.05495378375053406,0.040784512758255,0.008924999833106994
Panama,2002,0.09785748481750488,0.0909090909090909,-5.495378375053406,-5.495378375053406,0.05495378375053406,0.039027590215206145,0.01011249989271164
Panama,2003,0.09785748481750488,0.08695652173913045,-5.495378375053406,-5.495378375053406,0.05495378375053406,0.03823757699557713,0.011299999952316285
Panama,2004,0.09785748481750488,0.08333333333333333,-5.495378375053406,-5.495378375053406,0.05495378375053406,0.03841864027760246,0.011349999904632568
Panama,2005,0.09785748481750488,0.08,-5.495378375053406,-5.495378375053406,0.05495378375053406,0.040013037609017414,0.011399999856948853
Panama,2006,0.09785748481750488,0.07692307692307693,-5.495378375053406,-5.495378375053406,0.05495378375053406,0.04133858447273572,0.011349999904632568
Panama,2007,0.09785748481750488,0.07407407407407407,-5.495378375053406,-5.495378375053406,0.05495378375053406,0.043099980974197385,0.011299999952316285
Panama,2008,0.09785748481750488,0.07142857142857144,-5.495378375053406,-5.495378375053406,0.05495378375053406,0.04610022586125593,0.011033333539962768
Panama,2009,0.09785748481750488,0.0689655172413793,-5.495378375053406,-5.495378375053406,0.05495378375053406,0.04758230884869894,0.011299999952316285
Panama,2010,0.10355782826741537,0.10000000000000002,-6.001347780227661,-6.001347780227661,0.06001347780227661,0.04758230884869894,0.011349999904632568
Panama,2011,0.10355782826741537,0.09677419354838708,-6.001347780227661,-6.001347780227661,0.06001347780227661,0.04794270928416933,0.011399999856948853
Panama,2012,0.10355782826741537,0.09375,-6.001347780227661,-6.001347780227661,0.06001347780227661,0.05036125779151916,0.012087500095367432
Panama,2013,0.10355782826741537,0.0909090909090909,-6.001347780227661,-6.001347780227661,0.06001347780227661,0.05175920140743256,0.012775000333786011
Panama,2014,0.10355782826741537,0.08823529411764705,-6.001347780227661,-6.001347780227661,0.06001347780227661,0.052226374264686334,0.015020833611488342
Panama,2015,0.10355782826741537,0.0857142857142857,-6.001347780227661,-6.001347780227661,0.06001347780227661,0.052485967315733434,0.017266666889190672
Panama,2016,0.10355782826741537,0.08333333333333333,-6.001347780227661,-6.001347780227661,0.06001347780227661,0.05317611250010403,0.017329166531562804
Peru,1990,0.06156854629516602,0.03962264150943407,-3.602053999900818,-9.443121433258057,0.09443121433258056,0.006359404236078265,0.010775000154972077
Peru,1991,0.05489142417907715,0.039451114922812974,-3.7458600997924805,-9.443121433258057,0.09443121433258056,0.0011543591726910017,0.008774999976158143
Peru,1992,0.05464460849761963,0.0377358490566037,-3.491720199584961,-9.046422004699707,0.09046422004699707,0.002907545094688733,0.010775000154972077
Peru,1993,0.05464460849761963,0.034833091436864985,-3.491720199584961,-9.046422004699707,0.09046422004699707,0.0022671180275770286,0.012775000333786011
Peru,1994,0.05464460849761963,0.0323450134770889,-3.491720199584961,-9.046422004699707,0.09046422004699707,0.0058524967730045315,0.015020833611488342
Peru,1995,0.05464460849761963,0.03270440251572311,-3.491720199584961,-9.443121433258057,0.09443121433258056,0.013667395095030463,0.017266666889190672
Peru,1996,0.05184954643249512,0.033018867924528385,-4,-9.443121433258057,0.09443121433258056,0.017444592844694854,0.015020833611488342
Peru,1997,0.05184954643249512,0.031076581576026514,-4,-9.443121433258057,0.09443121433258056,0.018065204322338105,0.012775000333786011
Peru,1998,0.05439779281616211,0.03249475890985333,-3.7458600997924805,-8.681434631347656,0.08681434631347656,0.020660094138648777,0.012087500095367432
Peru,1999,0.056810131072998045,0.05263157894736844,-6.869792461395264,-6.869792461395264,0.06869792461395263,0.020660094138648777,0.011399999856948853
Peru,2000,0.056810131072998045,0.04999999999999999,-6.869792461395264,-6.869792461395264,0.06869792461395263,0.020359272627454055,0.010162499845027923
Peru,2001,0.056810131072998045,0.0476190476190476,-6.869792461395264,-6.869792461395264,0.06869792461395263,0.020688969299197196,0.008924999833106994
Peru,2002,0.056810131072998045,0.04545454545454546,-6.869792461395264,-6.869792461395264,0.06869792461395263,0.019997371818338126,0.01011249989271164
Peru,2003,0.056810131072998045,0.04347826086956523,-6.869792461395264,-6.869792461395264,0.06869792461395263,0.021568123738874095,0.011299999952316285
Peru,2004,0.056810131072998045,0.04166666666666668,-6.869792461395264,-6.869792461395264,0.06869792461395263,0.02244125126496605,0.011349999904632568
Peru,2005,0.056810131072998045,0.039999999999999994,-6.869792461395264,-6.869792461395264,0.06869792461395263,0.02357244798292716,0.011399999856948853
Peru,2006,0.056810131072998045,0.03846153846153847,-6.869792461395264,-6.869792461395264,0.06869792461395263,0.02514338978528977,0.011349999904632568
Peru,2007,0.056810131072998045,0.03703703703703704,-6.869792461395264,-6.869792461395264,0.06869792461395263,0.027071764916181563,0.011299999952316285
Peru,2008,0.056810131072998045,0.03571428571428572,-6.869792461395264,-6.869792461395264,0.06869792461395263,0.02922406539872841,0.011033333539962768
Peru,2009,0.056810131072998045,0.034482758620689655,-6.869792461395264,-6.869792461395264,0.06869792461395263,0.03144586996308395,0.011299999952316285
Peru,2010,0.060615830421447754,0.06666666666666668,-7.482299566268921,-7.482299566268921,0.07482299566268921,0.03144586996308395,0.011349999904632568
Peru,2011,0.060615830421447754,0.06451612903225809,-7.482299566268921,-7.482299566268921,0.07482299566268921,0.033275883680787585,0.011399999856948853
Peru,2012,0.060615830421447754,0.0625,-7.482299566268921,-7.482299566268921,0.07482299566268921,0.034316980590422944,0.012087500095367432
Peru,2013,0.060615830421447754,0.06060606060606063,-7.482299566268921,-7.482299566268921,0.07482299566268921,0.03512954087988024,0.012775000333786011
Peru,2014,0.060615830421447754,0.0588235294117647,-7.482299566268921,-7.482299566268921,0.07482299566268921,0.035856219148263334,0.015020833611488342
Peru,2015,0.060615830421447754,0.057142857142857134,-7.482299566268921,-7.482299566268921,0.07482299566268921,0.03549867918093999,0.017266666889190672
Peru,2016,0.060615830421447754,0.05555555555555554,-7.482299566268921,-7.482299566268921,0.07482299566268921,0.03542115673422813,0.017329166531562804
Philippines,1990,0.07085013866424561,0.1,-1.7447141408920288,-1.7447141408920288,0.01744714140892029,0.02027499198913574,0.010775000154972077
Philippines,1991,0.07085013866424561,0.0909090909090909,-1.7447141408920288,-1.7447141408920288,0.01744714140892029,0.021284459352493287,0.008774999976158143
Philippines,1992,0.07085013866424561,0.08333333333333333,-1.7447141408920288,-1.7447141408920288,0.01744714140892029,0.01882376492023468,0.010775000154972077
Philippines,1993,0.07085013866424561,0.07692307692307693,-1.7447141408920288,-1.7447141408920288,0.01744714140892029,0.017536459664503734,0.012775000333786011
Philippines,1994,0.07085013866424561,0.07142857142857144,-1.7447141408920288,-1.7447141408920288,0.01744714140892029,0.017815425304266122,0.015020833611488342
Philippines,1995,0.07085013866424561,0.06666666666666668,-1.7447141408920288,-1.7447141408920288,0.01744714140892029,0.019676922133990696,0.017266666889190672
Philippines,1996,0.07085013866424561,0.0625,-1.7447141408920288,-1.7447141408920288,0.01744714140892029,0.02148425809542338,0.015020833611488342
Philippines,1997,0.07085013866424561,0.05882352941176469,-1.7447141408920288,-1.7447141408920288,0.01744714140892029,0.023795201852917672,0.012775000333786011
Philippines,1998,0.07085013866424561,0.05555555555555554,-1.7447141408920288,-1.7447141408920288,0.01744714140892029,0.025445660773445577,0.012087500095367432
Philippines,1999,0.06873451471328736,0.10526315789473684,-3.7533647418022156,-3.7533647418022156,0.037533647418022155,0.025445660773445577,0.011399999856948853
Philippines,2000,0.06873451471328736,0.1,-3.7533647418022156,-3.7533647418022156,0.037533647418022155,0.02574418882528941,0.010162499845027923
Philippines,2001,0.06873451471328736,0.09523809523809523,-3.7533647418022156,-3.7533647418022156,0.037533647418022155,0.026710927298194482,0.008924999833106994
Philippines,2002,0.06873451471328736,0.0909090909090909,-3.7533647418022156,-3.7533647418022156,0.037533647418022155,0.026822374522686005,0.01011249989271164
Philippines,2003,0.06873451471328736,0.08695652173913045,-3.7533647418022156,-3.7533647418022156,0.037533647418022155,0.02728126304490226,0.011299999952316285
Philippines,2004,0.06873451471328736,0.08333333333333333,-3.7533647418022156,-3.7533647418022156,0.037533647418022155,0.028300464207475833,0.011349999904632568
Philippines,2005,0.06873451471328736,0.08,-3.7533647418022156,-3.7533647418022156,0.037533647418022155,0.029982019559196806,0.011399999856948853
Philippines,2006,0.06873451471328736,0.07692307692307693,-3.7533647418022156,-3.7533647418022156,0.037533647418022155,0.030723463743925095,0.011349999904632568
Philippines,2007,0.06873451471328736,0.07407407407407407,-3.7533647418022156,-3.7533647418022156,0.037533647418022155,0.03159170937538148,0.011299999952316285
Philippines,2008,0.06873451471328736,0.07142857142857144,-3.7533647418022156,-3.7533647418022156,0.037533647418022155,0.032921513823362496,0.011033333539962768
Philippines,2009,0.06873451471328736,0.0689655172413793,-3.7533647418022156,-3.7533647418022156,0.037533647418022155,0.033240256530267215,0.011299999952316285
Philippines,2010,0.06873451471328736,0.06666666666666668,-3.7533647418022156,-3.7533647418022156,0.037533647418022155,0.03246322316782815,0.011349999904632568
Philippines,2011,0.06873451471328736,0.06451612903225808,-3.7533647418022156,-3.7533647418022156,0.037533647418022155,0.03397561706345657,0.011399999856948853
Philippines,2012,0.06873451471328736,0.0625,-3.7533647418022156,-3.7533647418022156,0.037533647418022155,0.0340630137125651,0.012087500095367432
Philippines,2013,0.06873451471328736,0.06060606060606062,-3.7533647418022156,-3.7533647418022156,0.037533647418022155,0.035120277404785155,0.012775000333786011
Philippines,2014,0.06873451471328736,0.05882352941176469,-3.7533647418022156,-3.7533647418022156,0.037533647418022155,0.03623027637600899,0.015020833611488342
Philippines,2015,0.06873451471328736,0.05714285714285713,-3.7533647418022156,-3.7533647418022156,0.037533647418022155,0.03699460101850106,0.017266666889190672
Philippines,2016,0.06873451471328736,0.05555555555555554,-3.7533647418022156,-3.7533647418022156,0.037533647418022155,0.03769080358393053,0.017329166531562804
Poland,1990,0.06156854629516602,0.03962264150943407,-3.602053999900818,-9.443121433258057,0.09443121433258056,0.00114276242256165,0.010775000154972077
Poland,1991,0.041717324256896976,0.0909090909090909,-10.982919692993164,-10.982919692993164,0.10982919692993164,0.00114276242256165,0.008774999976158143
Poland,1992,0.041717324256896976,0.08333333333333333,-10.982919692993164,-10.982919692993164,0.10982919692993164,-0.005329751751639629,0.010775000154972077
Poland,1993,0.041717324256896976,0.07692307692307694,-10.982919692993164,-10.982919692993164,0.10982919692993164,-0.0031915740172068284,0.012775000333786011
Poland,1994,0.041717324256896976,0.07142857142857144,-10.982919692993164,-10.982919692993164,0.10982919692993164,3.5189811999981424e-4,0.015020833611488342
Poland,1995,0.041717324256896976,0.06666666666666667,-10.982919692993164,-10.982919692993164,0.10982919692993164,0.004068896429879324,0.017266666889190672
Poland,1996,0.041717324256896976,0.0625,-10.982919692993164,-10.982919692993164,0.10982919692993164,0.008282812754313147,0.015020833611488342
Poland,1997,0.041717324256896976,0.0588235294117647,-10.982919692993164,-10.982919692993164,0.10982919692993164,0.011664572358131408,0.012775000333786011
Poland,1998,0.041717324256896976,0.05555555555555554,-10.982919692993164,-10.982919692993164,0.10982919692993164,0.015146906796623671,0.012087500095367432
Poland,1999,0.041717324256896976,0.052631578947368425,-10.982919692993164,-10.982919692993164,0.10982919692993164,0.017072996033562562,0.011399999856948853
Poland,2000,0.041717324256896976,0.05,-10.982919692993164,-10.982919692993164,0.10982919692993164,0.018555601019608355,0.010162499845027923
Poland,2001,0.041717324256896976,0.047619047619047616,-10.982919692993164,-10.982919692993164,0.10982919692993164,0.019757698535919185,0.008924999833106994
Poland,2002,0.041717324256896976,0.04545454545454545,-10.982919692993164,-10.982919692993164,0.10982919692993164,0.019390802496955514,0.01011249989271164
Poland,2003,0.041717324256896976,0.04347826086956523,-10.982919692993164,-10.982919692993164,0.10982919692993164,0.019165515249425714,0.011299999952316285
Poland,2004,0.041717324256896976,0.041666666666666664,-10.982919692993164,-10.982919692993164,0.10982919692993164,0.019881138386933707,0.011349999904632568
Poland,2005,0.041717324256896976,0.04000000000000001,-10.982919692993164,-10.982919692993164,0.10982919692993164,0.02119260172049204,0.011399999856948853
Poland,2006,0.041717324256896976,0.03846153846153847,-10.982919692993164,-10.982919692993164,0.10982919692993164,0.021742391490936274,0.011349999904632568
Poland,2007,0.041717324256896976,0.03703703703703704,-10.982919692993164,-10.982919692993164,0.10982919692993164,0.023282945064397955,0.011299999952316285
Poland,2008,0.041717324256896976,0.03571428571428572,-10.982919692993164,-10.982919692993164,0.10982919692993164,0.02502611381036264,0.011033333539962768
Poland,2009,0.041717324256896976,0.03448275862068965,-10.982919692993164,-10.982919692993164,0.10982919692993164,0.025650073034422734,0.011299999952316285
Poland,2010,0.041717324256896976,0.03333333333333333,-10.982919692993164,-10.982919692993164,0.10982919692993164,0.025738075272790324,0.011349999904632568
Poland,2011,0.041717324256896976,0.032258064516129045,-10.982919692993164,-10.982919692993164,0.10982919692993164,0.02608247176806133,0.011399999856948853
Poland,2012,0.041717324256896976,0.03125,-10.982919692993164,-10.982919692993164,0.10982919692993164,0.026859583162492325,0.012087500095367432
Poland,2013,0.041717324256896976,0.030303030303030318,-10.982919692993164,-10.982919692993164,0.10982919692993164,0.026522685289382935,0.012775000333786011
Poland,2014,0.041717324256896976,0.02941176470588235,-10.982919692993164,-10.982919692993164,0.10982919692993164,0.02614076430147345,0.015020833611488342
Poland,2015,0.041717324256896976,0.028571428571428567,-10.982919692993164,-10.982919692993164,0.10982919692993164,0.02633753527613247,0.017266666889190672
Poland,2016,0.041717324256896976,0.02777777777777777,-10.982919692993164,-10.982919692993164,0.10982919692993164,0.026683480569294513,0.017329166531562804
Romania,1990,0.03932859182357788,0.2,-2.25205397605896,-2.25205397605896,0.0225205397605896,0.020630134893581273,0.010775000154972077
Romania,1991,0.03932859182357788,0.1818181818181818,-2.25205397605896,-2.25205397605896,0.0225205397605896,0.012101805433630944,0.008774999976158143
Romania,1992,0.03932859182357788,0.16666666666666669,-2.25205397605896,-2.25205397605896,0.0225205397605896,-0.002035289324820038,0.010775000154972077
Romania,1993,0.03932859182357788,0.15384615384615385,-2.25205397605896,-2.25205397605896,0.0225205397605896,-0.009819606901569796,0.012775000333786011
Romania,1994,0.03932859182357788,0.14285714285714288,-2.25205397605896,-2.25205397605896,0.0225205397605896,-0.007728334795683622,0.015020833611488342
Romania,1995,0.03932859182357788,0.13333333333333336,-2.25205397605896,-2.25205397605896,0.0225205397605896,-0.004109246484362166,0.017266666889190672
Romania,1996,0.03932859182357788,0.125,-2.25205397605896,-2.25205397605896,0.0225205397605896,0.0012829702826482928,0.015020833611488342
Romania,1997,0.03932859182357788,0.11764705882352938,-2.25205397605896,-2.25205397605896,0.0225205397605896,0.00382961501181126,0.012775000333786011
Romania,1998,0.03932859182357788,0.11111111111111108,-2.25205397605896,-2.25205397605896,0.0225205397605896,-1.929163420572877e-4,0.012087500095367432
Romania,1999,0.03932859182357788,0.10526315789473685,-2.25205397605896,-2.25205397605896,0.0225205397605896,-0.0030153927601435583,0.011399999856948853
Romania,2000,0.03932859182357788,0.1,-2.25205397605896,-2.25205397605896,0.0225205397605896,-0.0034867629284659977,0.010162499845027923
Romania,2001,0.03932859182357788,0.09523809523809523,-2.25205397605896,-2.25205397605896,0.0225205397605896,-0.0017660071543957093,0.008924999833106994
Romania,2002,0.03932859182357788,0.0909090909090909,-2.25205397605896,-2.25205397605896,0.0225205397605896,0.0011182827167212973,0.01011249989271164
Romania,2003,0.03932859182357788,0.08695652173913046,-2.25205397605896,-2.25205397605896,0.0225205397605896,0.003533700005639165,0.011299999952316285
Romania,2004,0.03932859182357788,0.08333333333333331,-2.25205397605896,-2.25205397605896,0.0225205397605896,0.005884105004370212,0.011349999904632568
Romania,2005,0.03932859182357788,0.08000000000000002,-2.25205397605896,-2.25205397605896,0.0225205397605896,0.009262457240534861,0.011399999856948853
Romania,2006,0.03932859182357788,0.07692307692307696,-2.25205397605896,-2.25205397605896,0.0225205397605896,0.01061481310365101,0.011349999904632568
Romania,2007,0.03932859182357788,0.0740740740740741,-2.25205397605896,-2.25205397605896,0.0225205397605896,0.01341245110929012,0.011299999952316285
Romania,2008,0.03932859182357788,0.07142857142857145,-2.25205397605896,-2.25205397605896,0.0225205397605896,0.015536484107948263,0.011033333539962768
Romania,2009,0.0549266258875529,0.10344827586206898,-1.0359869003295898,-2.25205397605896,0.0225205397605896,0.015536484107948263,0.011299999952316285
Romania,2010,0.0549266258875529,0.1,-1.0359869003295898,-2.25205397605896,0.0225205397605896,0.012772038013294898,0.011349999904632568
Romania,2011,0.0549266258875529,0.09677419354838708,-1.0359869003295898,-2.25205397605896,0.0225205397605896,0.011311749589762514,0.011399999856948853
Romania,2012,0.0549266258875529,0.09375,-1.0359869003295898,-2.25205397605896,0.0225205397605896,0.011621613941829785,0.012087500095367432
Romania,2013,0.0549266258875529,0.0909090909090909,-1.0359869003295898,-2.25205397605896,0.0225205397605896,0.011646959689756235,0.012775000333786011
Romania,2014,0.0549266258875529,0.08823529411764705,-1.0359869003295898,-2.25205397605896,0.0225205397605896,0.012410475118987017,0.015020833611488342
Romania,2015,0.0549266258875529,0.0857142857142857,-1.0359869003295898,-2.25205397605896,0.0225205397605896,0.012983991939108819,0.017266666889190672
Romania,2016,0.0549266258875529,0.08333333333333333,-1.0359869003295898,-2.25205397605896,0.0225205397605896,0.013794725796941555,0.017329166531562804
Russia,1990,0.06156854629516602,0.03962264150943407,-3.602053999900818,-9.443121433258057,0.09443121433258056,0.03965355634689331,0.010775000154972077
Russia,1991,0.05489142417907715,0.039451114922812974,-3.7458600997924805,-9.443121433258057,0.09443121433258056,0.03902801632881164,0.008774999976158143
Russia,1992,0.05464460849761963,0.0377358490566037,-3.491720199584961,-9.046422004699707,0.09046422004699707,-0.05,0.010775000154972077
Russia,1993,0.05464460849761963,0.034833091436864985,-3.491720199584961,-9.046422004699707,0.09046422004699707,-0.0975,0.012775000333786011
Russia,1994,0.05464460849761963,0.0323450134770889,-3.491720199584961,-9.046422004699707,0.09046422004699707,-0.09399999936421713,0.015020833611488342
Russia,1995,0.05464460849761963,0.03270440251572311,-3.491720199584961,-9.443121433258057,0.09443121433258056,-0.10224999904632569,0.017266666889190672
Russia,1996,0.05184954643249512,0.033018867924528385,-4,-9.443121433258057,0.09443121433258056,-0.08999999904632569,0.015020833611488342
Russia,1997,0.05184954643249512,0.031076581576026514,-4,-9.443121433258057,0.09443121433258056,-0.08101363937060038,0.012775000333786011
Russia,1998,0.05439779281616211,0.03249475890985333,-3.7458600997924805,-8.681434631347656,0.08681434631347656,-0.06746618662561689,0.012087500095367432
Russia,1999,0.05489142417907715,0.03674280039721927,-4.2176673412323,-5.762015342712402,0.057620153427124024,-0.0657144020497799,0.011399999856948853
Russia,2000,0.05489142417907715,0.03679245283018856,-4.609468698501587,-6.26451301574707,0.0626451301574707,-0.05135581533114115,0.010162499845027923
Russia,2001,0.055196635723114014,0.037735849056603474,-4,-6.013264179229736,0.06013264179229736,-0.03617424762248993,0.008924999833106994
Russia,2002,0.05550184726715088,0.03687821612349902,-4.2176673412323,-6.26451301574707,0.0626451301574707,-0.028258003646677184,0.01011249989271164
Russia,2003,0.056810131072998045,0.03855619360131253,-3.7953062057495117,-6.26451301574707,0.0626451301574707,-0.021949855387210847,0.011299999952316285
Russia,2004,0.056810131072998045,0.03694968553459151,-3.7953062057495117,-6.26451301574707,0.0626451301574707,-0.014608347874421343,0.011349999904632568
Russia,2005,0.05730103969573975,0.036226415094339375,-3.5906124114990234,-6.26451301574707,0.0626451301574707,-0.008439378653253836,0.011399999856948853
Russia,2006,0.05730103969573975,0.034833091436865374,-3.5906124114990234,-6.26451301574707,0.0626451301574707,-0.0036260715325673524,0.011349999904632568
Russia,2007,0.05730103969573975,0.03354297693920316,-3.5906124114990234,-6.26451301574707,0.0626451301574707,0.0016966543346643448,0.011299999952316285
Russia,2008,0.057791948318481445,0.03301886792452809,-3.7953062057495117,-6.567152738571167,0.06567152738571166,0.006617401137071508,0.011033333539962768
Russia,2009,0.1838681983947754,0.03448275862068967,-3.287179470062256,-3.287179470062256,0.032871794700622556,0.006617401137071508,0.011299999952316285
Russia,2010,0.1838681983947754,0.03333333333333334,-3.287179470062256,-3.287179470062256,0.032871794700622556,0.001904869410726752,0.011349999904632568
Russia,2011,0.1838681983947754,0.03225806451612905,-3.287179470062256,-3.287179470062256,0.032871794700622556,0.004174901874441836,0.011399999856948853
Russia,2012,0.1838681983947754,0.03125,-3.287179470062256,-3.287179470062256,0.032871794700622556,0.0064992316365242095,0.012087500095367432
Russia,2013,0.1838681983947754,0.03030303030303032,-3.287179470062256,-3.287179470062256,0.032871794700622556,0.007951663618996024,0.012775000333786011
Russia,2014,0.1838681983947754,0.02941176470588235,-3.287179470062256,-3.287179470062256,0.032871794700622556,0.008408425775441266,0.015020833611488342
Russia,2015,0.11800141096115112,0.05714285714285713,-2.193630814552307,-2.193630814552307,0.02193630814552307,0.008408425775441266,0.017266666889190672
Russia,2016,0.11800141096115112,0.05555555555555553,-2.193630814552307,-2.193630814552307,0.02193630814552307,0.0069558683167333215,0.017329166531562804
Serbia,1990,0.06156854629516602,0.03962264150943407,-3.602053999900818,-9.443121433258057,0.09443121433258056,0.03965355634689331,0.010775000154972077
Serbia,1991,0.05489142417907715,0.039451114922812974,-3.7458600997924805,-9.443121433258057,0.09443121433258056,0.03902801632881164,0.008774999976158143
Serbia,1992,0.05464460849761963,0.0377358490566037,-3.491720199584961,-9.046422004699707,0.09046422004699707,0.038766757249832154,0.010775000154972077
Serbia,1993,0.05464460849761963,0.034833091436864985,-3.491720199584961,-9.046422004699707,0.09046422004699707,0.038766757249832154,0.012775000333786011
Serbia,1994,0.05464460849761963,0.0323450134770889,-3.491720199584961,-9.046422004699707,0.09046422004699707,0.03806485891342163,0.015020833611488342
Serbia,1995,0.05464460849761963,0.03270440251572311,-3.491720199584961,-9.443121433258057,0.09443121433258056,0.03895842671394348,0.017266666889190672
Serbia,1996,0.05184954643249512,0.033018867924528385,-4,-9.443121433258057,0.09443121433258056,0.039516093730926516,0.015020833611488342
Serbia,1997,0.05184954643249512,0.031076581576026514,-4,-9.443121433258057,0.09443121433258056,0.040347318649291995,0.012775000333786011
Serbia,1998,0.05439779281616211,0.03249475890985333,-3.7458600997924805,-8.681434631347656,0.08681434631347656,0.04100001335144043,0.012087500095367432
Serbia,1999,0.05489142417907715,0.03674280039721927,-4.2176673412323,-5.762015342712402,0.057620153427124024,0.024304566383361818,0.011399999856948853
Serbia,2000,0.05489142417907715,0.03679245283018856,-4.609468698501587,-6.26451301574707,0.0626451301574707,-0.04858065366744995,0.010162499845027923
Serbia,2001,0.055196635723114014,0.037735849056603474,-4,-6.013264179229736,0.06013264179229736,-0.006523070335388184,0.008924999833106994
Serbia,2002,0.05550184726715088,0.03687821612349902,-4.2176673412323,-6.26451301574707,0.0626451301574707,0.007589482069015503,0.01011249989271164
Serbia,2003,0.056810131072998045,0.03855619360131253,-3.7953062057495117,-6.26451301574707,0.0626451301574707,0.020303161621093743,0.011299999952316285
Serbia,2004,0.056810131072998045,0.03694968553459151,-3.7953062057495117,-6.26451301574707,0.0626451301574707,0.024278324445088702,0.011349999904632568
Serbia,2005,0.05730103969573975,0.036226415094339375,-3.5906124114990234,-6.26451301574707,0.0626451301574707,0.033733581815447125,0.011399999856948853
Serbia,2006,0.05730103969573975,0.034833091436865374,-3.5906124114990234,-6.26451301574707,0.0626451301574707,0.036442418098449704,0.011349999904632568
Serbia,2007,0.05730103969573975,0.03354297693920316,-3.5906124114990234,-6.26451301574707,0.0626451301574707,0.037842537032233337,0.011299999952316285
Serbia,2008,0.057791948318481445,0.03301886792452809,-3.7953062057495117,-6.567152738571167,0.06567152738571166,0.039947043418884276,0.011033333539962768
Serbia,2009,0.057791948318481445,0.03968770331815219,-3.7953062057495117,-5.681007385253906,0.05681007385253906,0.04119429718364369,0.011299999952316285
Serbia,2010,0.09702049255371094,0.03333333333333334,-8.48265552520752,-8.48265552520752,0.08482655525207519,0.04119429718364369,0.011349999904632568
Serbia,2011,0.09702049255371094,0.03225806451612905,-8.48265552520752,-8.48265552520752,0.08482655525207519,0.038248504151900606,0.011399999856948853
Serbia,2012,0.09702049255371094,0.03125,-8.48265552520752,-8.48265552520752,0.08482655525207519,0.036384362119894764,0.012087500095367432
Serbia,2013,0.09702049255371094,0.03030303030303032,-8.48265552520752,-8.48265552520752,0.08482655525207519,0.03306028600249972,0.012775000333786011
Serbia,2014,0.09702049255371094,0.02941176470588235,-8.48265552520752,-8.48265552520752,0.08482655525207519,0.03257075639565785,0.015020833611488342
Serbia,2015,0.09702049255371094,0.028571428571428567,-8.48265552520752,-8.48265552520752,0.08482655525207519,0.0293905209377408,0.017266666889190672
Serbia,2016,0.09702049255371094,0.02777777777777777,-8.48265552520752,-8.48265552520752,0.08482655525207519,0.02810738156823551,0.017329166531562804
South Africa,1990,0.06156854629516602,0.03962264150943407,-3.602053999900818,-9.443121433258057,0.09443121433258056,0.022352511908859018,0.010775000154972077
South Africa,1991,0.05489142417907715,0.039451114922812974,-3.7458600997924805,-9.443121433258057,0.09443121433258056,0.020031569298695432,0.008774999976158143
South Africa,1992,0.05464460849761963,0.0377358490566037,-3.491720199584961,-9.046422004699707,0.09046422004699707,0.01751370427198708,0.010775000154972077
South Africa,1993,0.05464460849761963,0.034833091436864985,-3.491720199584961,-9.046422004699707,0.09046422004699707,0.01452265296704494,0.012775000333786011
South Africa,1994,0.05464460849761963,0.0323450134770889,-3.491720199584961,-9.046422004699707,0.09046422004699707,0.014366406263517484,0.015020833611488342
South Africa,1995,0.05464460849761963,0.03270440251572311,-3.491720199584961,-9.443121433258057,0.09443121433258056,0.01556474119176467,0.017266666889190672
South Africa,1996,0.05184954643249512,0.033018867924528385,-4,-9.443121433258057,0.09443121433258056,0.01653921594610438,0.015020833611488342
South Africa,1997,0.05184954643249512,0.031076581576026514,-4,-9.443121433258057,0.09443121433258056,0.01809969023527468,0.012775000333786011
South Africa,1998,0.05439779281616211,0.03249475890985333,-3.7458600997924805,-8.681434631347656,0.08681434631347656,0.018564612515684628,0.012087500095367432
South Africa,1999,0.05489142417907715,0.03674280039721927,-4.2176673412323,-5.762015342712402,0.057620153427124024,0.017859822588139458,0.011399999856948853
South Africa,2000,0.05489142417907715,0.03679245283018856,-4.609468698501587,-6.26451301574707,0.0626451301574707,0.018145885361358523,0.010162499845027923
South Africa,2001,0.055196635723114014,0.037735849056603474,-4,-6.013264179229736,0.06013264179229736,0.01926015003628674,0.008924999833106994
South Africa,2002,0.05550184726715088,0.03687821612349902,-4.2176673412323,-6.26451301574707,0.0626451301574707,0.019628095638684253,0.01011249989271164
South Africa,2003,0.056810131072998045,0.03855619360131253,-3.7953062057495117,-6.26451301574707,0.0626451301574707,0.020369394458830358,0.011299999952316285
South Africa,2004,0.056810131072998045,0.03694968553459151,-3.7953062057495117,-6.26451301574707,0.0626451301574707,0.020749452224311727,0.011349999904632568
South Africa,2005,0.05730103969573975,0.036226415094339375,-3.5906124114990234,-6.26451301574707,0.0626451301574707,0.021741302023828034,0.011399999856948853
South Africa,2006,0.05730103969573975,0.034833091436865374,-3.5906124114990234,-6.26451301574707,0.0626451301574707,0.022934756380720782,0.011349999904632568
South Africa,2007,0.05730103969573975,0.03354297693920316,-3.5906124114990234,-6.26451301574707,0.0626451301574707,0.02416075239440909,0.011299999952316285
South Africa,2008,0.057791948318481445,0.03301886792452809,-3.7953062057495117,-6.567152738571167,0.06567152738571166,0.02521232018380293,0.011033333539962768
South Africa,2009,0.038240399360656735,0.03448275862068967,-2.1694133281707764,-2.1694133281707764,0.021694133281707762,0.02521232018380293,0.011299999952316285
South Africa,2010,0.038240399360656735,0.03333333333333334,-2.1694133281707764,-2.1694133281707764,0.021694133281707762,0.023812550233098966,0.011349999904632568
South Africa,2011,0.038240399360656735,0.03225806451612905,-2.1694133281707764,-2.1694133281707764,0.021694133281707762,0.02403205757215619,0.011399999856948853
South Africa,2012,0.038240399360656735,0.03125,-2.1694133281707764,-2.1694133281707764,0.021694133281707762,0.024316236635129294,0.012087500095367432
South Africa,2013,0.038240399360656735,0.03030303030303032,-2.1694133281707764,-2.1694133281707764,0.021694133281707762,0.024248030976159497,0.012775000333786011
South Africa,2014,0.038240399360656735,0.02941176470588235,-2.1694133281707764,-2.1694133281707764,0.021694133281707762,0.024266326904974198,0.015020833611488342
South Africa,2015,0.038240399360656735,0.028571428571428567,-2.1694133281707764,-2.1694133281707764,0.021694133281707762,0.024095851225668888,0.017266666889190672
South Africa,2016,0.038240399360656735,0.02777777777777777,-2.1694133281707764,-2.1694133281707764,0.021694133281707762,0.023772975316005095,0.017329166531562804
Sri Lanka,1990,0.06156854629516602,0.03962264150943407,-3.602053999900818,-9.443121433258057,0.09443121433258056,0.04210501360893249,0.010775000154972077
Sri Lanka,1991,0.05489142417907715,0.039451114922812974,-3.7458600997924805,-9.443121433258057,0.09443121433258056,0.04388960296457464,0.008774999976158143
Sri Lanka,1992,0.05464460849761963,0.0377358490566037,-3.491720199584961,-9.046422004699707,0.09046422004699707,0.04924930075804393,0.010775000154972077
Sri Lanka,1993,0.05464460849761963,0.034833091436864985,-3.491720199584961,-9.046422004699707,0.09046422004699707,0.04304936665755052,0.012775000333786011
Sri Lanka,1994,0.05464460849761963,0.0323450134770889,-3.491720199584961,-9.046422004699707,0.09046422004699707,0.04531479869570051,0.015020833611488342
Sri Lanka,1995,0.05464460849761963,0.03270440251572311,-3.491720199584961,-9.443121433258057,0.09443121433258056,0.04765099557240804,0.017266666889190672
Sri Lanka,1996,0.05184954643249512,0.033018867924528385,-4,-9.443121433258057,0.09443121433258056,0.04845479428768158,0.015020833611488342
Sri Lanka,1997,0.05184954643249512,0.031076581576026514,-4,-9.443121433258057,0.09443121433258056,0.05275869874393239,0.012775000333786011
Sri Lanka,1998,0.05439779281616211,0.03249475890985333,-3.7458600997924805,-8.681434631347656,0.08681434631347656,0.05554492049747044,0.012087500095367432
Sri Lanka,1999,0.05489142417907715,0.03674280039721927,-4.2176673412323,-5.762015342712402,0.057620153427124024,0.05175529065885042,0.011399999856948853
Sri Lanka,2000,0.05489142417907715,0.03679245283018856,-4.609468698501587,-6.26451301574707,0.0626451301574707,0.05060714662075043,0.010162499845027923
Sri Lanka,2001,0.055196635723114014,0.037735849056603474,-4,-6.013264179229736,0.06013264179229736,0.05220567192350115,0.008924999833106994
Sri Lanka,2002,0.05550184726715088,0.03687821612349902,-4.2176673412323,-6.26451301574707,0.0626451301574707,0.04894726260141893,0.01011249989271164
Sri Lanka,2003,0.056810131072998045,0.03855619360131253,-3.7953062057495117,-6.26451301574707,0.0626451301574707,0.04843938262566276,0.011299999952316285
Sri Lanka,2004,0.056810131072998045,0.03694968553459151,-3.7953062057495117,-6.26451301574707,0.0626451301574707,0.04889621411760648,0.011349999904632568
Sri Lanka,2005,0.05730103969573975,0.036226415094339375,-3.5906124114990234,-6.26451301574707,0.0626451301574707,0.049118390035629275,0.011399999856948853
Sri Lanka,2006,0.05730103969573975,0.034833091436865374,-3.5906124114990234,-6.26451301574707,0.0626451301574707,0.04962991453134096,0.011349999904632568
Sri Lanka,2007,0.05730103969573975,0.03354297693920316,-3.5906124114990234,-6.26451301574707,0.0626451301574707,0.050631876124276054,0.011299999952316285
Sri Lanka,2008,0.057791948318481445,0.03301886792452809,-3.7953062057495117,-6.567152738571167,0.06567152738571166,0.05125101442847933,0.011033333539962768
Sri Lanka,2009,0.057791948318481445,0.03968770331815219,-3.7953062057495117,-5.681007385253906,0.05681007385253906,0.05153549255995915,0.011299999952316285
Sri Lanka,2010,0.062129030227661135,0.04528301886792441,-5.59999942779541,-6.26451301574707,0.0626451301574707,0.05099726609388987,0.011349999904632568
Sri Lanka,2011,0.06303461074829102,0.04564820450395621,-4.867010116577148,-6.068203926086426,0.06068203926086426,0.051938000609797814,0.011399999856948853
Sri Lanka,2012,0.06303461074829102,0.044221698113207426,-4.867010116577148,-6.068203926086426,0.06068203926086426,0.05294141884893179,0.012087500095367432
Sri Lanka,2013,0.06268951416015625,0.04402515723270425,-4.609468698501587,-6.068203926086426,0.06068203926086426,0.05410821795463562,0.012775000333786011
Sri Lanka,2014,0.06268951416015625,0.04273029966703658,-4.609468698501587,-6.068203926086426,0.06068203926086426,0.05351554179892821,0.015020833611488342
Sri Lanka,2015,0.06268951416015625,0.042587601078167114,-4.609468698501587,-6.068203926086426,0.06068203926086426,0.05340387109347752,0.017266666889190672
Sri Lanka,2016,0.06156854629516602,0.0424528301886791,-4.609468698501587,-5.972352504730225,0.059723525047302245,0.05331144567992952,0.017329166531562804
Thailand,1990,0.06156854629516602,0.03962264150943407,-3.602053999900818,-9.443121433258057,0.09443121433258056,0.07238268804550171,0.010775000154972077
Thailand,1991,0.05489142417907715,0.039451114922812974,-3.7458600997924805,-9.443121433258057,0.09443121433258056,0.07636867739937522,0.008774999976158143
Thailand,1992,0.05464460849761963,0.0377358490566037,-3.491720199584961,-9.046422004699707,0.09046422004699707,0.07700695554415385,0.010775000154972077
Thailand,1993,0.05464460849761963,0.034833091436864985,-3.491720199584961,-9.046422004699707,0.09046422004699707,0.07818315029144288,0.012775000333786011
Thailand,1994,0.05464460849761963,0.0323450134770889,-3.491720199584961,-9.046422004699707,0.09046422004699707,0.07879525423049927,0.015020833611488342
Thailand,1995,0.05464460849761963,0.03270440251572311,-3.491720199584961,-9.443121433258057,0.09443121433258056,0.07887350718180337,0.017266666889190672
Thailand,1996,0.05184954643249512,0.033018867924528385,-4,-9.443121433258057,0.09443121433258056,0.07901907682418824,0.015020833611488342
Thailand,1997,0.05184954643249512,0.031076581576026514,-4,-9.443121433258057,0.09443121433258056,0.07769582159378949,0.012775000333786011
Thailand,1998,0.1517190742492676,0.05555555555555553,-8.405963897705078,-8.405963897705078,0.08405963897705078,0.07769582159378949,0.012087500095367432
Thailand,1999,0.1517190742492676,0.05263157894736844,-8.405963897705078,-8.405963897705078,0.08405963897705078,0.06913842386669583,0.011399999856948853
Thailand,2000,0.1517190742492676,0.04999999999999999,-8.405963897705078,-8.405963897705078,0.08405963897705078,0.06790603236148232,0.010162499845027923
Thailand,2001,0.1517190742492676,0.0476190476190476,-8.405963897705078,-8.405963897705078,0.08405963897705078,0.0667385687828064,0.008924999833106994
Thailand,2002,0.1517190742492676,0.04545454545454546,-8.405963897705078,-8.405963897705078,0.08405963897705078,0.0652006577310108,0.01011249989271164
Thailand,2003,0.1517190742492676,0.04347826086956523,-8.405963897705078,-8.405963897705078,0.08405963897705078,0.06503193692727523,0.011299999952316285
Thailand,2004,0.1517190742492676,0.04166666666666668,-8.405963897705078,-8.405963897705078,0.08405963897705078,0.06533025710479073,0.011349999904632568
Thailand,2005,0.1517190742492676,0.039999999999999994,-8.405963897705078,-8.405963897705078,0.08405963897705078,0.06522869994242987,0.011399999856948853
Thailand,2006,0.1517190742492676,0.03846153846153847,-8.405963897705078,-8.405963897705078,0.08405963897705078,0.06429468584060669,0.011349999904632568
Thailand,2007,0.1517190742492676,0.03703703703703704,-8.405963897705078,-8.405963897705078,0.08405963897705078,0.06373255060269283,0.011299999952316285
Thailand,2008,0.1517190742492676,0.03571428571428572,-8.405963897705078,-8.405963897705078,0.08405963897705078,0.0633850829689591,0.011033333539962768
Thailand,2009,0.1517190742492676,0.03448275862068965,-8.405963897705078,-8.405963897705078,0.08405963897705078,0.061737639989171714,0.011299999952316285
Thailand,2010,0.1517190742492676,0.03333333333333333,-8.405963897705078,-8.405963897705078,0.08405963897705078,0.05937057192983299,0.011349999904632568
Thailand,2011,0.1517190742492676,0.032258064516129045,-8.405963897705078,-8.405963897705078,0.08405963897705078,0.05989608313639959,0.011399999856948853
Thailand,2012,0.1517190742492676,0.03125,-8.405963897705078,-8.405963897705078,0.08405963897705078,0.05823490610045771,0.012087500095367432
Thailand,2013,0.1517190742492676,0.030303030303030318,-8.405963897705078,-8.405963897705078,0.08405963897705078,0.058678436037153,0.012775000333786011
Thailand,2014,0.1517190742492676,0.02941176470588235,-8.405963897705078,-8.405963897705078,0.08405963897705078,0.057714659138159326,0.015020833611488342
Thailand,2015,0.1517190742492676,0.028571428571428564,-8.405963897705078,-8.405963897705078,0.08405963897705078,0.056306702704990615,0.017266666889190672
Thailand,2016,0.1517190742492676,0.027777777777777766,-8.405963897705078,-8.405963897705078,0.08405963897705078,0.05556084663527353,0.017329166531562804
Tunisia,1990,0.06156854629516602,0.03962264150943407,-3.602053999900818,-9.443121433258057,0.09443121433258056,0.03641159150749445,0.010775000154972077
Tunisia,1991,0.05489142417907715,0.039451114922812974,-3.7458600997924805,-9.443121433258057,0.09443121433258056,0.03953284868462519,0.008774999976158143
Tunisia,1992,0.05464460849761963,0.0377358490566037,-3.491720199584961,-9.046422004699707,0.09046422004699707,0.039687087914596006,0.010775000154972077
Tunisia,1993,0.05464460849761963,0.034833091436864985,-3.491720199584961,-9.046422004699707,0.09046422004699707,0.0427947671424884,0.012775000333786011
Tunisia,1994,0.05464460849761963,0.0323450134770889,-3.491720199584961,-9.046422004699707,0.09046422004699707,0.041507340142769474,0.015020833611488342
Tunisia,1995,0.05464460849761963,0.03270440251572311,-3.491720199584961,-9.443121433258057,0.09443121433258056,0.041158624316255256,0.017266666889190672
Tunisia,1996,0.05184954643249512,0.033018867924528385,-4,-9.443121433258057,0.09443121433258056,0.040255865887738766,0.015020833611488342
Tunisia,1997,0.05184954643249512,0.031076581576026514,-4,-9.443121433258057,0.09443121433258056,0.04192004048210733,0.012775000333786011
Tunisia,1998,0.05439779281616211,0.03249475890985333,-3.7458600997924805,-8.681434631347656,0.08681434631347656,0.04277181054568953,0.012087500095367432
Tunisia,1999,0.05489142417907715,0.03674280039721927,-4.2176673412323,-5.762015342712402,0.057620153427124024,0.04313274670980479,0.011399999856948853
Tunisia,2000,0.05489142417907715,0.03679245283018856,-4.609468698501587,-6.26451301574707,0.0626451301574707,0.04398466335609555,0.010162499845027923
Tunisia,2001,0.055196635723114014,0.037735849056603474,-4,-6.013264179229736,0.06013264179229736,0.04393745568891366,0.008924999833106994
Tunisia,2002,0.05550184726715088,0.03687821612349902,-4.2176673412323,-6.26451301574707,0.0626451301574707,0.044144741069864143,0.01011249989271164
Tunisia,2003,0.056810131072998045,0.03855619360131253,-3.7953062057495117,-6.26451301574707,0.0626451301574707,0.04296454532314902,0.011299999952316285
Tunisia,2004,0.056810131072998045,0.03694968553459151,-3.7953062057495117,-6.26451301574707,0.0626451301574707,0.04345355191888909,0.011349999904632568
Tunisia,2005,0.05730103969573975,0.036226415094339375,-3.5906124114990234,-6.26451301574707,0.0626451301574707,0.04409907549917698,0.011399999856948853
Tunisia,2006,0.05730103969573975,0.034833091436865374,-3.5906124114990234,-6.26451301574707,0.0626451301574707,0.04394140398559662,0.011349999904632568
Tunisia,2007,0.05730103969573975,0.03354297693920316,-3.5906124114990234,-6.26451301574707,0.0626451301574707,0.044408103705004406,0.011299999952316285
Tunisia,2008,0.057791948318481445,0.03301886792452809,-3.7953062057495117,-6.567152738571167,0.06567152738571166,0.045055470714079476,0.011033333539962768
Tunisia,2009,0.057791948318481445,0.03968770331815219,-3.7953062057495117,-5.681007385253906,0.05681007385253906,0.04503966782884351,0.011299999952316285
Tunisia,2010,0.062129030227661135,0.04528301886792441,-5.59999942779541,-6.26451301574707,0.0626451301574707,0.044576302282512185,0.011349999904632568
Tunisia,2011,0.06303461074829102,0.04564820450395621,-4.867010116577148,-6.068203926086426,0.06068203926086426,0.043972818382805395,0.011399999856948853
Tunisia,2012,0.06303461074829102,0.044221698113207426,-4.867010116577148,-6.068203926086426,0.06068203926086426,0.0419993859087117,0.012087500095367432
Tunisia,2013,0.06268951416015625,0.04402515723270425,-4.609468698501587,-6.068203926086426,0.06068203926086426,0.04190868012155548,0.012775000333786011
Tunisia,2014,0.06268951416015625,0.04273029966703658,-4.609468698501587,-6.068203926086426,0.06068203926086426,0.0413951416861485,0.015020833611488342
Tunisia,2015,0.06268951416015625,0.042587601078167114,-4.609468698501587,-6.068203926086426,0.06068203926086426,0.040856925447072305,0.017266666889190672
Tunisia,2016,0.06156854629516602,0.0424528301886791,-4.609468698501587,-5.972352504730225,0.059723525047302245,0.04002756641349858,0.017329166531562804
Turkey,1990,-0.009799148440361023,0.10000000000000002,-3.602053999900818,-9.443121433258057,0.09443121433258056,0.04775036205848058,0.010775000154972077
Turkey,1991,-0.009799148440361023,0.09090909090909088,-3.7458600997924805,-9.443121433258057,0.09443121433258056,0.052230348855257035,0.008774999976158143
Turkey,1992,-0.009799148440361023,0.08333333333333331,-3.491720199584961,-9.046422004699707,0.09046422004699707,0.04832401711832393,0.010775000154972077
Turkey,1993,-0.009799148440361023,0.07692307692307696,-3.491720199584961,-9.046422004699707,0.09046422004699707,0.0492839948584636,0.012775000333786011
Turkey,1994,-0.009799148440361023,0.07142857142857145,-3.491720199584961,-9.046422004699707,0.09046422004699707,0.051679391883886774,0.015020833611488342
Turkey,1995,0.024470371305942536,0.13333333333333336,-13.498411178588867,-13.498411178588867,0.13498411178588868,0.051679391883886774,0.017266666889190672
Turkey,1996,0.024470371305942536,0.125,-13.498411178588867,-13.498411178588867,0.13498411178588868,0.053123736743416104,0.015020833611488342
Turkey,1997,0.024470371305942536,0.1176470588235294,-13.498411178588867,-13.498411178588867,0.13498411178588868,0.05425352702538173,0.012775000333786011
Turkey,1998,0.024470371305942536,0.11111111111111109,-13.498411178588867,-13.498411178588867,0.13498411178588868,0.0555675152130425,0.012087500095367432
Turkey,1999,0.025984478195508323,0.15789473684210523,-8.966872930526733,-8.966872930526733,0.08966872930526733,0.0555675152130425,0.011399999856948853
Turkey,2000,0.025984478195508323,0.15,-8.966872930526733,-8.966872930526733,0.08966872930526733,0.050305128956542294,0.010162499845027923
Turkey,2001,0.025984478195508323,0.14285714285714288,-8.966872930526733,-8.966872930526733,0.08966872930526733,0.05119932255811161,0.008924999833106994
Turkey,2002,0.04217960849404335,0.1818181818181818,-10.1787060101827,-10.1787060101827,0.10178706010182699,0.05119932255811161,0.01011249989271164
Turkey,2003,0.04217960849404335,0.1739130434782609,-10.1787060101827,-10.1787060101827,0.10178706010182699,0.051888978622461626,0.011299999952316285
Turkey,2004,0.04217960849404335,0.16666666666666669,-10.1787060101827,-10.1787060101827,0.10178706010182699,0.052098657146096225,0.011349999904632568
Turkey,2005,0.04217960849404335,0.15999999999999998,-10.1787060101827,-10.1787060101827,0.10178706010182699,0.05421030318453198,0.011399999856948853
Turkey,2006,0.04217960849404335,0.15384615384615385,-10.1787060101827,-10.1787060101827,0.10178706010182699,0.05584158638661558,0.011349999904632568
Turkey,2007,0.04217960849404335,0.14814814814814814,-10.1787060101827,-10.1787060101827,0.10178706010182699,0.056504866778850554,0.011299999952316285
Turkey,2008,0.04217960849404335,0.14285714285714288,-10.1787060101827,-10.1787060101827,0.10178706010182699,0.05624652148534855,0.011033333539962768
Turkey,2009,0.03941633713245392,0.17241379310344826,-8.680331110954285,-8.680331110954285,0.08680331110954284,0.05624652148534855,0.011299999952316285
Turkey,2010,0.03941633713245392,0.16666666666666669,-8.680331110954285,-8.680331110954285,0.08680331110954284,0.052114874279499054,0.011349999904632568
Turkey,2011,0.03941633713245392,0.16129032258064518,-8.680331110954285,-8.680331110954285,0.08680331110954284,0.05337483003735542,0.011399999856948853
Turkey,2012,0.03941633713245392,0.15625,-8.680331110954285,-8.680331110954285,0.08680331110954284,0.05551409404586862,0.012087500095367432
Turkey,2013,0.03941633713245392,0.15151515151515152,-8.680331110954285,-8.680331110954285,0.08680331110954284,0.05524214081466198,0.012775000333786011
Turkey,2014,0.03941633713245392,0.14705882352941174,-8.680331110954285,-8.680331110954285,0.08680331110954284,0.05626527705069246,0.015020833611488342
Turkey,2015,0.03941633713245392,0.14285714285714288,-8.680331110954285,-8.680331110954285,0.08680331110954284,0.05611199809114138,0.017266666889190672
Turkey,2016,0.03941633713245392,0.13888888888888892,-8.680331110954285,-8.680331110954285,0.08680331110954284,0.05626512282317685,0.017329166531562804
Ukraine,1990,0.06156854629516602,0.03962264150943407,-3.602053999900818,-9.443121433258057,0.09443121433258056,0.03965355634689331,0.010775000154972077
Ukraine,1991,0.05489142417907715,0.039451114922812974,-3.7458600997924805,-9.443121433258057,0.09443121433258056,0.03902801632881164,0.008774999976158143
Ukraine,1992,0.05464460849761963,0.0377358490566037,-3.491720199584961,-9.046422004699707,0.09046422004699707,0.038766757249832154,0.010775000154972077
Ukraine,1993,0.05464460849761963,0.034833091436864985,-3.491720199584961,-9.046422004699707,0.09046422004699707,-0.09743860244750976,0.012775000333786011
Ukraine,1994,0.05464460849761963,0.0323450134770889,-3.491720199584961,-9.046422004699707,0.09046422004699707,-0.1227158260345459,0.015020833611488342
Ukraine,1995,0.05464460849761963,0.03270440251572311,-3.491720199584961,-9.443121433258057,0.09443121433258056,-0.15769720713297525,0.017266666889190672
Ukraine,1996,0.05184954643249512,0.033018867924528385,-4,-9.443121433258057,0.09443121433258056,-0.1486284041404724,0.015020833611488342
Ukraine,1997,0.05184954643249512,0.031076581576026514,-4,-9.443121433258057,0.09443121433258056,-0.13860504341125487,0.012775000333786011
Ukraine,1998,0.05439779281616211,0.03249475890985333,-3.7458600997924805,-8.681434631347656,0.08681434631347656,-0.12079664627710977,0.012087500095367432
Ukraine,1999,0.05489142417907715,0.03674280039721927,-4.2176673412323,-5.762015342712402,0.057620153427124024,-0.10613340854644776,0.011399999856948853
Ukraine,2000,0.05489142417907715,0.03679245283018856,-4.609468698501587,-6.26451301574707,0.0626451301574707,-0.09311988702043891,0.010162499845027923
Ukraine,2001,0.055196635723114014,0.037735849056603474,-4,-6.013264179229736,0.06013264179229736,-0.07618236109614372,0.008924999833106994
Ukraine,2002,0.05550184726715088,0.03687821612349902,-4.2176673412323,-6.26451301574707,0.0626451301574707,-0.05933664791285992,0.01011249989271164
Ukraine,2003,0.056810131072998045,0.03855619360131253,-3.7953062057495117,-6.26451301574707,0.0626451301574707,-0.04908818238160828,0.011299999952316285
Ukraine,2004,0.056810131072998045,0.03694968553459151,-3.7953062057495117,-6.26451301574707,0.0626451301574707,-0.03706699206183355,0.011349999904632568
Ukraine,2005,0.0869957160949707,0.03999999999999999,2.278742790222168,-6.26451301574707,0.0626451301574707,-0.03706699206183355,0.011399999856948853
Ukraine,2006,0.0869957160949707,0.03846153846153848,2.278742790222168,-6.26451301574707,0.0626451301574707,-0.031853200048208234,0.011349999904632568
Ukraine,2007,0.0869957160949707,0.037037037037037056,2.278742790222168,-6.26451301574707,0.0626451301574707,-0.024169813852225032,0.011299999952316285
Ukraine,2008,0.0869957160949707,0.035714285714285726,2.278742790222168,-6.567152738571167,0.06567152738571166,-0.017081263492504745,0.011033333539962768
Ukraine,2009,0.08012879371643067,0.06896551724137932,-1.8468048572540283,-5.972352504730225,0.059723525047302245,-0.017081263492504745,0.011299999952316285
Ukraine,2010,0.08012879371643067,0.06666666666666668,-1.8468048572540283,-5.972352504730225,0.059723525047302245,-0.02547397698275745,0.011349999904632568
Ukraine,2011,0.08012879371643067,0.0645161290322581,-1.8468048572540283,-5.972352504730225,0.059723525047302245,-0.023821812526268117,0.011399999856948853
Ukraine,2012,0.08012879371643067,0.0625,-1.8468048572540283,-5.972352504730225,0.059723525047302245,-0.019461971927020275,0.012087500095367432
Ukraine,2013,0.08012879371643067,0.06060606060606064,-1.8468048572540283,-5.972352504730225,0.059723525047302245,-0.018312035877453663,0.012775000333786011
Ukraine,2014,0.08012879371643067,0.0588235294117647,-1.8468048572540283,-5.972352504730225,0.059723525047302245,-0.017409798908047378,0.015020833611488342
Ukraine,2015,0.10283606847127279,0.08571428571428573,-3.4064997037251787,-6.2491209506988525,0.062491209506988527,-0.017409798908047378,0.017266666889190672
Ukraine,2016,0.10283606847127279,0.08333333333333336,-3.4064997037251787,-6.2491209506988525,0.062491209506988527,-0.021234558014465218,0.017329166531562804
Uruguay,1990,0.06303461074829102,0.1,6.059422492980957,-9.443121433258057,0.09443121433258056,0.02030892425113254,0.010775000154972077
Uruguay,1991,0.06303461074829102,0.0909090909090909,6.059422492980957,-9.443121433258057,0.09443121433258056,0.018575380206108095,0.008774999976158143
Uruguay,1992,0.06303461074829102,0.08333333333333333,6.059422492980957,-9.046422004699707,0.09046422004699707,0.020103807991201227,0.010775000154972077
Uruguay,1993,0.06303461074829102,0.07692307692307693,6.059422492980957,-9.046422004699707,0.09046422004699707,0.02503814746936162,0.012775000333786011
Uruguay,1994,0.06303461074829102,0.07142857142857144,6.059422492980957,-9.046422004699707,0.09046422004699707,0.025156402312792262,0.015020833611488342
Uruguay,1995,0.06303461074829102,0.06666666666666668,6.059422492980957,-9.443121433258057,0.09443121433258056,0.028560475366456166,0.017266666889190672
Uruguay,1996,0.06303461074829102,0.0625,6.059422492980957,-9.443121433258057,0.09443121433258056,0.025691377719243364,0.015020833611488342
Uruguay,1997,0.06303461074829102,0.05882352941176469,6.059422492980957,-9.443121433258057,0.09443121433258056,0.027571890130639078,0.012775000333786011
Uruguay,1998,0.06303461074829102,0.05555555555555554,6.059422492980957,-8.681434631347656,0.08681434631347656,0.02891925790730645,0.012087500095367432
Uruguay,1999,0.06303461074829102,0.05263157894736844,6.059422492980957,-5.762015342712402,0.057620153427124024,0.029690464933713273,0.011399999856948853
Uruguay,2000,0.06303461074829102,0.04999999999999999,6.059422492980957,-6.26451301574707,0.0626451301574707,0.02656727207334418,0.010162499845027923
Uruguay,2001,0.06303461074829102,0.0476190476190476,6.059422492980957,-6.013264179229736,0.06013264179229736,0.024351107597351075,0.008924999833106994
Uruguay,2002,0.06303461074829102,0.04545454545454546,6.059422492980957,-6.26451301574707,0.0626451301574707,0.02154362701234363,0.01011249989271164
Uruguay,2003,0.07578430652618408,0.08695652173913045,1.2344050407409668,-3.5906124114990234,0.03590612411499024,0.02154362701234363,0.011299999952316285
Uruguay,2004,0.07578430652618408,0.08333333333333333,1.2344050407409668,-3.5906124114990234,0.03590612411499024,0.021622240868481725,0.011349999904632568
Uruguay,2005,0.07578430652618408,0.08,1.2344050407409668,-3.5906124114990234,0.03590612411499024,0.022699374426966134,0.011399999856948853
Uruguay,2006,0.07578430652618408,0.07692307692307693,1.2344050407409668,-3.5906124114990234,0.03590612411499024,0.024589284161726635,0.011349999904632568
Uruguay,2007,0.07578430652618408,0.07407407407407407,1.2344050407409668,-3.5906124114990234,0.03590612411499024,0.02524514379501343,0.011299999952316285
Uruguay,2008,0.07578430652618408,0.07142857142857144,1.2344050407409668,-3.5906124114990234,0.03590612411499024,0.02679014251782344,0.011033333539962768
Uruguay,2009,0.07578430652618408,0.0689655172413793,1.2344050407409668,-3.5906124114990234,0.03590612411499024,0.028455746350464998,0.011299999952316285
Uruguay,2010,0.07578430652618408,0.06666666666666668,1.2344050407409668,-3.5906124114990234,0.03590612411499024,0.02895500327859606,0.011349999904632568
Uruguay,2011,0.07578430652618408,0.06451612903225808,1.2344050407409668,-3.5906124114990234,0.03590612411499024,0.030647385778098276,0.011399999856948853
Uruguay,2012,0.07578430652618408,0.0625,1.2344050407409668,-3.5906124114990234,0.03590612411499024,0.03134651732444763,0.012087500095367432
Uruguay,2013,0.07578430652618408,0.060606060606060615,1.2344050407409668,-3.5906124114990234,0.03590612411499024,0.0314766873082807,0.012775000333786011
Uruguay,2014,0.07578430652618408,0.0588235294117647,1.2344050407409668,-3.5906124114990234,0.03590612411499024,0.03194227159023285,0.015020833611488342
Uruguay,2015,0.07578430652618408,0.057142857142857134,1.2344050407409668,-3.5906124114990234,0.03590612411499024,0.03195577585335934,0.017266666889190672
Uruguay,2016,0.07578430652618408,0.05555555555555554,1.2344050407409668,-3.5906124114990234,0.03590612411499024,0.031124941636534294,0.017329166531562804
Venezuela,1990,0.048263414700826006,0.3,-5.395522117614746,-12.500326156616211,0.12500326156616212,0.006297141739300317,0.010775000154972077
Venezuela,1991,0.048263414700826006,0.2727272727272727,-5.395522117614746,-12.500326156616211,0.12500326156616212,0.013594814166426659,0.008774999976158143
Venezuela,1992,0.048263414700826006,0.25,-5.395522117614746,-12.500326156616211,0.12500326156616212,0.02289529025554657,0.010775000154972077
Venezuela,1993,0.048263414700826006,0.23076923076923075,-5.395522117614746,-12.500326156616211,0.12500326156616212,0.02666611069440842,0.012775000333786011
Venezuela,1994,0.048263414700826006,0.21428571428571425,-5.395522117614746,-12.500326156616211,0.12500326156616212,0.024492291916500437,0.015020833611488342
Venezuela,1995,0.048263414700826006,0.20000000000000004,-5.395522117614746,-12.500326156616211,0.12500326156616212,0.02049349084496498,0.017266666889190672
Venezuela,1996,0.048263414700826006,0.1875,-5.395522117614746,-12.500326156616211,0.12500326156616212,0.021956767990038942,0.015020833611488342
Venezuela,1997,0.048263414700826006,0.1764705882352941,-5.395522117614746,-12.500326156616211,0.12500326156616212,0.02024704986384937,0.012775000333786011
Venezuela,1998,0.048263414700826006,0.16666666666666666,-5.395522117614746,-12.500326156616211,0.12500326156616212,0.02314458324511846,0.012087500095367432
Venezuela,1999,0.048263414700826006,0.15789473684210523,-5.395522117614746,-12.500326156616211,0.12500326156616212,0.021881831269711258,0.011399999856948853
Venezuela,2000,0.04631983041763306,0.20000000000000004,-5.6851857503255205,-9.38241958618164,0.09382419586181641,0.021881831269711258,0.010162499845027923
Venezuela,2001,0.04631983041763306,0.19047619047619047,-5.6851857503255205,-9.38241958618164,0.09382419586181641,0.02276345545754713,0.008924999833106994
Venezuela,2002,0.04631983041763306,0.1818181818181818,-5.6851857503255205,-9.38241958618164,0.09382419586181641,0.023384505758682884,0.01011249989271164
Venezuela,2003,0.05347188568115234,0.2173913043478261,-7.32636022567749,-10.33824094136556,0.1033824094136556,0.023384505758682884,0.011299999952316285
Venezuela,2004,0.05347188568115234,0.20833333333333331,-7.32636022567749,-10.33824094136556,0.1033824094136556,0.018072005431903036,0.011349999904632568
Venezuela,2005,0.05347188568115234,0.20000000000000004,-7.32636022567749,-10.33824094136556,0.1033824094136556,0.026311708077788355,0.011399999856948853
Venezuela,2006,0.05347188568115234,0.19230769230769232,-7.32636022567749,-10.33824094136556,0.1033824094136556,0.029972061983176642,0.011349999904632568
Venezuela,2007,0.05347188568115234,0.18518518518518523,-7.32636022567749,-10.33824094136556,0.1033824094136556,0.03309703619642691,0.011299999952316285
Venezuela,2008,0.05347188568115234,0.17857142857142855,-7.32636022567749,-10.33824094136556,0.1033824094136556,0.035463938596455954,0.011033333539962768
Venezuela,2009,0.05347188568115234,0.17241379310344826,-7.32636022567749,-10.33824094136556,0.1033824094136556,0.03618538030733665,0.011299999952316285
Venezuela,2010,0.05347188568115234,0.16666666666666666,-7.32636022567749,-10.33824094136556,0.1033824094136556,0.033457044017314905,0.011349999904632568
Venezuela,2011,0.05347188568115234,0.16129032258064516,-7.32636022567749,-10.33824094136556,0.1033824094136556,0.03159762262151792,0.011399999856948853
Venezuela,2012,0.05347188568115234,0.15625,-7.32636022567749,-10.33824094136556,0.1033824094136556,0.03197416454553604,0.012087500095367432
Venezuela,2013,0.05347188568115234,0.15151515151515152,-7.32636022567749,-10.33824094136556,0.1033824094136556,0.0328415004589728,0.012775000333786011
Venezuela,2014,0.05347188568115234,0.14705882352941177,-7.32636022567749,-10.33824094136556,0.1033824094136556,0.032172170784966696,0.015020833611488342
Venezuela,2015,0.05347188568115234,0.1428571428571429,-7.32636022567749,-10.33824094136556,0.1033824094136556,0.029801636248826983,0.017266666889190672
Venezuela,2016,0.05347188568115234,0.13888888888888895,-7.32636022567749,-10.33824094136556,0.1033824094136556,0.026833399216974935,0.017329166531562804
Vietnam,1990,0.06156854629516602,0.03962264150943407,-3.602053999900818,-9.443121433258057,0.09443121433258056,0.050366681575775146,0.010775000154972077
Vietnam,1991,0.05489142417907715,0.039451114922812974,-3.7458600997924805,-9.443121433258057,0.09443121433258056,0.050376512354070486,0.008774999976158143
Vietnam,1992,0.05464460849761963,0.0377358490566037,-3.491720199584961,-9.046422004699707,0.09046422004699707,0.05101928949356079,0.010775000154972077
Vietnam,1993,0.05464460849761963,0.034833091436864985,-3.491720199584961,-9.046422004699707,0.09046422004699707,0.05378694974459135,0.012775000333786011
Vietnam,1994,0.05464460849761963,0.0323450134770889,-3.491720199584961,-9.046422004699707,0.09046422004699707,0.055715047972542904,0.015020833611488342
Vietnam,1995,0.05464460849761963,0.03270440251572311,-3.491720199584961,-9.443121433258057,0.09443121433258056,0.05788981755574544,0.017266666889190672
Vietnam,1996,0.05184954643249512,0.033018867924528385,-4,-9.443121433258057,0.09443121433258056,0.060234503746032717,0.015020833611488342
Vietnam,1997,0.05184954643249512,0.031076581576026514,-4,-9.443121433258057,0.09443121433258056,0.06218542772180895,0.012775000333786011
Vietnam,1998,0.05439779281616211,0.03249475890985333,-3.7458600997924805,-8.681434631347656,0.08681434631347656,0.06325939761267767,0.012087500095367432
Vietnam,1999,0.05489142417907715,0.03674280039721927,-4.2176673412323,-5.762015342712402,0.057620153427124024,0.06296408201518812,0.011399999856948853
Vietnam,2000,0.05489142417907715,0.03679245283018856,-4.609468698501587,-6.26451301574707,0.0626451301574707,0.06220267081260682,0.010162499845027923
Vietnam,2001,0.055196635723114014,0.037735849056603474,-4,-6.013264179229736,0.06013264179229736,0.06247269585019066,0.008924999833106994
Vietnam,2002,0.05550184726715088,0.03687821612349902,-4.2176673412323,-6.26451301574707,0.0626451301574707,0.06276707389137962,0.01011249989271164
Vietnam,2003,0.056810131072998045,0.03855619360131253,-3.7953062057495117,-6.26451301574707,0.0626451301574707,0.0631164666880732,0.011299999952316285
Vietnam,2004,0.056810131072998045,0.03694968553459151,-3.7953062057495117,-6.26451301574707,0.0626451301574707,0.06354543745517731,0.011349999904632568
Vietnam,2005,0.05730103969573975,0.036226415094339375,-3.5906124114990234,-6.26451301574707,0.0626451301574707,0.0641193977355957,0.011399999856948853
Vietnam,2006,0.05730103969573975,0.034833091436865374,-3.5906124114990234,-6.26451301574707,0.0626451301574707,0.06455605781995333,0.011349999904632568
Vietnam,2007,0.05730103969573975,0.03354297693920316,-3.5906124114990234,-6.26451301574707,0.0626451301574707,0.06474952786057084,0.011299999952316285
Vietnam,2008,0.057791948318481445,0.03301886792452809,-3.7953062057495117,-6.567152738571167,0.06567152738571166,0.06498329247747149,0.011033333539962768
Vietnam,2009,0.057791948318481445,0.03968770331815219,-3.7953062057495117,-5.681007385253906,0.05681007385253906,0.064694829644828,0.011299999952316285
Vietnam,2010,0.062129030227661135,0.04528301886792441,-5.59999942779541,-6.26451301574707,0.0626451301574707,0.06433762582143147,0.011349999904632568
Vietnam,2011,0.06303461074829102,0.04564820450395621,-4.867010116577148,-6.068203926086426,0.06068203926086426,0.06433424026735367,0.011399999856948853
Vietnam,2012,0.06303461074829102,0.044221698113207426,-4.867010116577148,-6.068203926086426,0.06068203926086426,0.0642738875746727,0.012087500095367432
Vietnam,2013,0.06268951416015625,0.04402515723270425,-4.609468698501587,-6.068203926086426,0.06068203926086426,0.06391630519520153,0.012775000333786011
Vietnam,2014,0.06268951416015625,0.04273029966703658,-4.609468698501587,-6.068203926086426,0.06068203926086426,0.06363108256283928,0.015020833611488342
Vietnam,2015,0.06268951416015625,0.042587601078167114,-4.609468698501587,-6.068203926086426,0.06068203926086426,0.06352266161782401,0.017266666889190672
Vietnam,2016,0.06156854629516602,0.0424528301886791,-4.609468698501587,-5.972352504730225,0.059723525047302245,0.06361350655555725,0.017329166531562804
Aggregate,1990,0.06156854629516602,0.03962264150943407,-3.602053999900818,-9.443121433258057,0.09443121433258056,0.03965355634689331,0.010775000154972077
Aggregate,1991,0.05489142417907715,0.039451114922812974,-3.7458600997924805,-9.443121433258057,0.09443121433258056,0.03902801632881164,0.008774999976158143
Aggregate,1992,0.05464460849761963,0.0377358490566037,-3.491720199584961,-9.046422004699707,0.09046422004699707,0.038766757249832154,0.010775000154972077
Aggregate,1993,0.05464460849761963,0.034833091436864985,-3.491720199584961,-9.046422004699707,0.09046422004699707,0.038766757249832154,0.012775000333786011
Aggregate,1994,0.05464460849761963,0.0323450134770889,-3.491720199584961,-9.046422004699707,0.09046422004699707,0.03806485891342163,0.015020833611488342
Aggregate,1995,0.05464460849761963,0.03270440251572311,-3.491720199584961,-9.443121433258057,0.09443121433258056,0.03895842671394348,0.017266666889190672
Aggregate,1996,0.05184954643249512,0.033018867924528385,-4,-9.443121433258057,0.09443121433258056,0.039516093730926516,0.015020833611488342
Aggregate,1997,0.05184954643249512,0.031076581576026514,-4,-9.443121433258057,0.09443121433258056,0.040347318649291995,0.012775000333786011
Aggregate,1998,0.05439779281616211,0.03249475890985333,-3.7458600997924805,-8.681434631347656,0.08681434631347656,0.04100001335144043,0.012087500095367432
Aggregate,1999,0.05489142417907715,0.03674280039721927,-4.2176673412323,-5.762015342712402,0.057620153427124024,0.041214976310729984,0.011399999856948853
Aggregate,2000,0.05489142417907715,0.03679245283018856,-4.609468698501587,-6.26451301574707,0.0626451301574707,0.040173697471618655,0.010162499845027923
Aggregate,2001,0.055196635723114014,0.037735849056603474,-4,-6.013264179229736,0.06013264179229736,0.04100001335144043,0.008924999833106994
Aggregate,2002,0.05550184726715088,0.03687821612349902,-4.2176673412323,-6.26451301574707,0.0626451301574707,0.04025180816650391,0.01011249989271164
Aggregate,2003,0.056810131072998045,0.03855619360131253,-3.7953062057495117,-6.26451301574707,0.0626451301574707,0.04049683094024658,0.011299999952316285
Aggregate,2004,0.056810131072998045,0.03694968553459151,-3.7953062057495117,-6.26451301574707,0.0626451301574707,0.04113503694534302,0.011349999904632568
Aggregate,2005,0.05730103969573975,0.036226415094339375,-3.5906124114990234,-6.26451301574707,0.0626451301574707,0.04211967945098877,0.011399999856948853
Aggregate,2006,0.05730103969573975,0.034833091436865374,-3.5906124114990234,-6.26451301574707,0.0626451301574707,0.04259755134582519,0.011349999904632568
Aggregate,2007,0.05730103969573975,0.03354297693920316,-3.5906124114990234,-6.26451301574707,0.0626451301574707,0.043504841327667236,0.011299999952316285
Aggregate,2008,0.057791948318481445,0.03301886792452809,-3.7953062057495117,-6.567152738571167,0.06567152738571166,0.04460412263870239,0.011033333539962768
Aggregate,2009,0.057791948318481445,0.03968770331815219,-3.7953062057495117,-5.681007385253906,0.05681007385253906,0.04487265586853027,0.011299999952316285
Aggregate,2010,0.062129030227661135,0.04528301886792441,-5.59999942779541,-6.26451301574707,0.0626451301574707,0.04403526306152344,0.011349999904632568
Aggregate,2011,0.06303461074829102,0.04564820450395621,-4.867010116577148,-6.068203926086426,0.06068203926086426,0.04400541305541992,0.011399999856948853
Aggregate,2012,0.06303461074829102,0.044221698113207426,-4.867010116577148,-6.068203926086426,0.06068203926086426,0.04394107580184937,0.012087500095367432
Aggregate,2013,0.06268951416015625,0.04402515723270425,-4.609468698501587,-6.068203926086426,0.06068203926086426,0.04353255271911621,0.012775000333786011
Aggregate,2014,0.06268951416015625,0.04273029966703658,-4.609468698501587,-6.068203926086426,0.06068203926086426,0.043033649921417234,0.015020833611488342
Aggregate,2015,0.06268951416015625,0.042587601078167114,-4.609468698501587,-6.068203926086426,0.06068203926086426,0.04272579669952393,0.017266666889190672
Aggregate,2016,0.06156854629516602,0.0424528301886791,-4.609468698501587,-5.972352504730225,0.059723525047302245,0.042228136062622074,0.017329166531562804
